"id","name","host_id","host_name","neighbourhood_group","neighbourhood","latitude","longitude","room_type","price","minimum_nights","number_of_reviews","last_review","reviews_per_month","calculated_host_listings_count","availability_365","number_of_reviews_ltm","license"
52075715,"West Asheville Basement Suite Asheville, NC",34278588,"Wegotthis",NA,28806,35.573879,-82.572029,"Entire home/apt",77,2,8,"2021-12-12",1.36,1,356,8,NA
15091721,"DOWNTOWN! Seconds from it all!",46001530,"Jonathan",NA,28801,35.59221,-82.55866,"Entire home/apt",118,1,365,"2022-03-03",5.62,10,302,85,NA
50168861,"The Urban Cottage - Chic West Asheville Home",67737136,"Mike & Jane",NA,28806,35.57487,-82.57572,"Entire home/apt",60,30,5,"2022-02-01",0.64,1,200,5,NA
24375145,"Bent Creek Getaway, Bike",183956684,"Inga",NA,28806,35.51244,-82.61329,"Entire home/apt",110,2,76,"2021-03-28",1.61,1,0,1,NA
47812966,"Blue Ridge Magic: Artist's Hideaway (Brand New)",385371093,"Mary",NA,28806,35.58475,-82.57182,"Entire home/apt",97,30,15,"2022-01-01",1.2,1,96,14,NA
13231021,"Easy Access to Downtown & Hiking, Sparkling Clean!",14764795,"Linda",NA,28803,35.55623,-82.49189,"Entire home/apt",275,3,74,"2020-10-18",1.1,1,79,0,NA
46796365,"The Suite Life in Oakley Mountain Home",64685297,"Zachary",NA,28803,35.55832,-82.49949,"Entire home/apt",90,1,42,"2022-03-06",2.99,1,7,37,NA
26735499,"RAD house",10077483,"Heidi",NA,28801,35.58262,-82.56078,"Entire home/apt",232,2,161,"2022-03-13",3.69,1,31,47,NA
11421709,"Hazel's Hideaway - Walk Downtown",25316948,"Heidi + Chris",NA,28801,35.59832,-82.567,"Entire home/apt",144,3,272,"2022-03-02",3.81,1,329,55,NA
53093098,"5 Walnut Suites #302",25952620,"Ashton",NA,28801,35.5963,-82.55303,"Entire home/apt",164,2,6,"2022-03-14",4.29,3,201,6,NA
6145162,"Downtown Asheville, Small Single - Best Value! -#7",7625694,"John",NA,28801,35.59058,-82.55014,"Private room",52,1,267,"2022-03-06",3.19,9,278,29,NA
21682891,"Cozy, Convenient: 3 Bdrm Home, 3 miles to Biltmore",15565480,"Nicole",NA,28803,35.54933,-82.50863,"Entire home/apt",182,2,131,"2022-03-14",2.49,3,144,39,NA
31318559,"New, Luxury Condo in Downtown Asheville Condotel Unit #504",167186184,"Towns",NA,28801,35.59142,-82.55563,"Entire home/apt",266,1,59,"2022-02-28",1.53,114,262,20,NA
20016326,"5-star Farmhouse in the City",142115355,"Makenzie",NA,28805,35.59072,-82.5361,"Entire home/apt",325,2,131,"2022-03-18",2.35,1,282,42,NA
33898003,"Beautiful West Asheville Home, Live like a local",13158326,"Colleah",NA,28806,35.57556,-82.59082,"Entire home/apt",182,2,129,"2022-02-21",3.68,1,53,53,NA
51266182,"Bright Room ‚òÄÔ∏èüåô",415111330,"Nick",NA,28806,35.61294,-82.58693,"Private room",65,1,1,"2022-03-16",1,1,248,1,NA
54021424,"Stunning, Furnished, Pickard Place Condo",382557808,"Corey",NA,28803,35.5729,-82.55101,"Entire home/apt",75,30,1,"2022-03-12",1,1,308,1,NA
52185009,"Asheville Adventurer's Retreat",368571485,"Amy",NA,28806,35.56744,-82.57109,"Entire home/apt",125,1,14,"2022-03-12",2.58,1,5,14,NA
47963676,"Cozy cottage w/firepit, 2 BR",14900836,"Johanna",NA,28804,35.62768,-82.61232,"Entire home/apt",145,2,27,"2021-12-19",2.56,2,327,27,NA
8265544,"5 Star Luxury Near Downtown & Biltmore",43536753,"Tracy And Brent",NA,28806,35.54128,-82.59905,"Entire home/apt",236,1,368,"2022-03-15",4.68,1,196,58,NA
42739512,"Luxury Retreat 2 blocks from DWNTN Asheville",339683895,"Alison Landers &",NA,28801,35.60057,-82.5486,"Entire home/apt",1600,3,6,"2021-11-27",0.38,1,305,5,NA
54041325,"The Asheville 1BR Condo",400304548,"David",NA,28803,35.52805,-82.5257,"Entire home/apt",115,2,1,"2022-03-18",1,1,280,1,NA
48974282,"Whole Renovated Home Minutes to Downtown Asheville",304938213,"Jenna",NA,28803,35.55291,-82.505,"Entire home/apt",253,1,41,"2021-12-18",3.65,1,61,41,NA
32740257,"Exceptional Home Nestled Among Acres of Forest",10965717,"Jeff And Leslie",NA,28804,35.62517,-82.5264,"Entire home/apt",264,3,125,"2022-03-13",3.63,1,232,49,NA
26740506,"*Zoe's Room* - 7 miles to Downtown Asheville!",155388775,"Crystal",NA,28715,35.56484,-82.64761,"Private room",41,1,96,"2021-10-28",2.33,1,78,22,NA
26690388,"Convenient and Cozy Lookout Retreat",26002506,"Michelle",NA,28804,35.62105,-82.57057,"Entire home/apt",84,2,243,"2022-03-16",5.72,3,235,84,NA
37630701,"Mountain Home Nestled in Nature, close to town",47111763,"Matilda",NA,28805,35.604691,-82.486107,"Entire home/apt",190,2,166,"2022-03-18",5.28,2,345,61,NA
27225252,"Comfy Camper & Firepit..Only 20 Easy Minutes Out",83635535,"Ann",NA,28704,35.4619,-82.53875,"Entire home/apt",68,2,58,"2021-11-15",1.33,1,0,12,NA
23370743,"Oak Shade Suite - Private Asheville Guesthouse",14649701,"Nicole",NA,28704,35.481,-82.51881,"Entire home/apt",104,3,128,"2022-03-15",2.98,2,167,30,NA
39787649,"Cozy & Charming Asheville Cabin: 5 Mi to Downtown!",151397468,"Evolve",NA,28804,35.65539,-82.57712,"Entire home/apt",141,2,35,"2022-03-06",1.22,22,323,24,NA
45846658,"Cozy Private Bed and Bath in Central Location",51111567,"Courtney",NA,28803,35.52517,-82.52849,"Private room",39,1,28,"2021-05-05",1.64,1,0,2,NA
52143097,"Hot Tub! Walk to Downtown Asheville. Modern Decor.",17654471,"Cicily",NA,28801,35.59479,-82.54701,"Entire home/apt",350,3,8,"2022-03-13",1.49,1,296,8,NA
11182596,"Ladyhawk Retreat",58202090,"Jacqui",NA,28704,35.43613,-82.57344,"Private room",75,2,63,"2022-01-02",0.89,1,365,14,NA
21176027,"The Little Red Porch",152889799,"Bob",NA,28805,35.59742,-82.49641,"Entire home/apt",65,2,399,"2022-03-12",7.37,1,242,105,NA
554338948779706752,"Pinecrest Retreat! 5bed w/pool, hot tub & fire pit",271037725,"Casi & Jordan",NA,28704,35.46847,-82.49388,"Entire home/apt",338,3,2,"2022-03-01",2,2,269,2,NA
52112544,"Magnificent S&W Building Condo In The Heart of Downtown Asheville",167186184,"Towns",NA,28801,35.59547,-82.55303,"Entire home/apt",381,1,8,"2022-01-23",1.56,114,79,8,NA
43967257,"‚òÖTranquil West Asheville Artist Retreat‚òÄ",57290621,"Joseph",NA,28806,35.59387,-82.62063,"Entire home/apt",191,2,51,"2022-03-13",2.43,1,128,26,NA
48652101,"Minutes to Everything Newly Renovated",325101930,"Amanda",NA,28704,35.46553,-82.57691,"Entire home/apt",213,2,20,"2022-01-01",1.82,1,241,20,NA
581843085257776768,"Cheerful vacation home in the heart of Asheville",4634736,"Bradley",NA,28804,35.63579,-82.58559,"Entire home/apt",314,3,0,"",NA,2,56,0,NA
36100528,"Casita Amelia/ River Arts District Asheville",61411239,"Virginia",NA,28806,35.5832,-82.57357,"Entire home/apt",130,2,106,"2022-02-27",3.22,2,0,34,NA
20441967,"West AVL Family Funhouse ‚Ä¢ 5mi to AVL ‚Ä¢ Views",145883321,"Jeremy & Jami",NA,28806,35.60129,-82.62924,"Entire home/apt",274,3,108,"2022-01-02",1.97,1,279,12,NA
51559316,"5 Walnut Suites #202",25952620,"Ashton",NA,28801,35.59698,-82.55226,"Entire home/apt",156,2,32,"2022-03-15",4.44,3,230,32,NA
30530457,"Chic, stylish luxury in the middle of downtown fun",28629826,"Ricardo",NA,28801,35.59229,-82.55591,"Entire home/apt",239,2,105,"2022-03-13",2.63,2,240,58,NA
18119864,"Sunnyside",124856505,"Kate",NA,28804,35.64704,-82.51875,"Private room",75,3,2,"2019-06-01",0.03,1,180,0,NA
50485379,"Lovely Townhome 1 Mi to Downtown",2359112,"Rose",NA,28801,35.61196,-82.55543,"Entire home/apt",75,30,0,"",NA,1,362,0,NA
52011289,"Astonishing South Slope Townhome with Rooftop Terrace",167186184,"Towns",NA,28801,35.58751,-82.55476,"Entire home/apt",381,1,8,"2022-02-21",1.62,114,198,8,NA
37892971,"New luxury condo in heart of downtown Asheville~55 S.Market St. #208",167186184,"Towns",NA,28801,35.59251,-82.54962,"Entire home/apt",252,1,56,"2022-02-25",1.8,114,223,19,NA
51125183,"Historic Charlotte Street Condo",167186184,"Towns",NA,28801,35.60337,-82.54613,"Entire home/apt",145,1,14,"2022-02-25",1.86,114,267,14,NA
52303908,"3miles Downtown Asheville, Hot Tub, Sleeps 8, Dogs",242474849,"Jennifer",NA,28804,35.62731,-82.58256,"Entire home/apt",278,2,24,"2022-03-16",4.21,14,155,24,NA
50052704,"The Hidden Gem - 5.8 miles to downtown Asheville!",242474849,"Jennifer",NA,28803,35.54879,-82.50626,"Entire home/apt",229,1,51,"2022-03-12",5.67,14,327,51,NA
23393644,"Convenient king suite---walk to downtown!",54379432,"Jesse",NA,28801,35.6034,-82.5553,"Private room",76,2,201,"2022-03-12",4.08,1,151,15,NA
50487811,"Exceptional view home of Asheville!",1222489,"Barbara",NA,28804,35.65333,-82.54351,"Entire home/apt",385,3,3,"2022-02-21",0.52,1,289,3,NA
53312109,"Cheerful 2-bedroom home on a quiet country lane",61305105,"William",NA,28803,35.56179,-82.50462,"Entire home/apt",60,30,0,"",NA,1,150,0,NA
44165215,"New Entire Guest Suite - In Town Mountain Views",134739242,"Dana",NA,28804,35.61424,-82.53984,"Private room",174,1,22,"2021-12-05",1.87,1,172,22,NA
17364637,"Apartment with Private entrance and Private Bath.",117325142,"Kern And Anne",NA,28806,35.59383,-82.63428,"Entire home/apt",85,1,398,"2022-03-19",6.49,1,179,37,NA
43140162,"Safari City Limits | Arras Vacation Rentals",343440528,"Arras",NA,28801,35.59503,-82.55147,"Entire home/apt",160,3,16,"2022-02-22",0.78,9,344,10,NA
45622387,"New tiny house in the heart of West Asheville",159835412,"Justin",NA,28806,35.5747,-82.59074,"Entire home/apt",102,2,110,"2022-03-18",6.19,1,137,73,NA
50378910,"Historic Charlotte Street Condo",167186184,"Towns",NA,28801,35.60226,-82.54756,"Entire home/apt",124,1,18,"2022-01-17",1.96,114,273,18,NA
53643250,"1-BR with private bath in 2 BR riverside apartment",182294584,"Michelle",NA,28805,35.58787,-82.46454,"Private room",75,1,0,"",NA,1,0,0,NA
15568000,"Namaste Yurt, best of both worlds",51104544,"Simms",NA,28805,35.60733,-82.48834,"Entire home/apt",118,2,191,"2022-03-01",2.93,3,234,51,NA
37793218,"Simply Divine in West Asheville!",255209652,"Max",NA,28806,35.57103,-82.58789,"Entire home/apt",219,2,96,"2021-08-08",3.09,1,107,6,NA
38358756,"Secluded Asheville Hillside Hide-Away",84896326,"Dewey And CJ",NA,28803,35.49395,-82.51496,"Entire home/apt",89,1,96,"2022-03-13",3.14,1,115,38,NA
49690346,"Stone Cottage-2.5 miles from Biltmore Park!",44036707,"Michael",NA,28704,35.46399,-82.57697,"Entire home/apt",95,2,25,"2022-01-15",2.6,3,338,25,NA
48746518,"West Asheville Suite",391971447,"Robin",NA,28806,35.56198,-82.61176,"Entire home/apt",88,1,119,"2022-03-13",9.78,8,292,119,NA
51083596,"Suite Apartment- Walkable to downtown",374979840,"Stephanie",NA,28801,35.59997,-82.56133,"Entire home/apt",84,2,46,"2022-03-15",6.54,2,221,46,NA
28584499,"Quiet Backyard Apartment",23697772,"Nell",NA,28803,35.56121,-82.50522,"Entire home/apt",151,30,9,"2021-10-01",0.22,1,86,1,NA
36420977,"Brookstone Lodge Biltmore Village Area",184069772,"Cash",NA,28803,35.56714,-82.54376,"Hotel room",99,1,86,"2022-03-13",2.66,2,312,35,NA
576878124685983744,"Spacious home located 10 minutes from downtown.",448289318,"Jason",NA,28806,35.62815,-82.61528,"Entire home/apt",160,3,1,"2022-03-20",1,1,358,1,NA
49205622,"West Asheville Airstream with Hot Tub",396620878,"Christine",NA,28806,35.57773,-82.63926,"Entire home/apt",78,1,112,"2022-03-16",9.94,4,357,112,NA
41717325,"Mountain Privacy with Proximity to Downtown! Includes Biltmore Pass!",134903005,"Carolina Mornings",NA,28804,35.62737,-82.53014,"Entire home/apt",239,1,4,"2021-08-26",0.26,23,299,3,NA
39048434,"Walk to hip West AVL & RAD / View / Good vibes",185370249,"Brooke & Keith",NA,28806,35.58553,-82.57401,"Private room",151,2,69,"2022-03-13",2.33,2,31,32,NA
47311262,"Private Home in Asheville Near French Broad River",356531815,"Foley Realty",NA,28804,35.62479,-82.61199,"Entire home/apt",207,3,20,"2021-11-27",1.43,1,0,15,NA
52367944,"Modern Chic w Mountain View A",266361810,"Alina",NA,28804,35.62178,-82.57132,"Private room",70,2,4,"2021-12-29",0.85,3,178,4,NA
48010459,"Upstream Bachelor Sanctuary - New Wedding Venue",108739712,"Jay",NA,28803,35.56765,-82.56573,"Entire home/apt",1560,2,2,"2022-02-23",0.38,4,276,2,NA
27689813,"Clean & Spacious Retreat Near Downtown & Parkway",10057257,"Angela",NA,28803,35.54919,-82.4805,"Entire home/apt",213,2,126,"2022-02-20",2.89,1,301,35,NA
44996842,"Candler Home 10min from Asheville",128453939,"Rebekah",NA,28715,35.545,-82.67287,"Entire home/apt",150,3,68,"2022-03-06",3.6,1,271,44,NA
54280478,"Flander‚Äôs Field at Beaverdam",323614638,"Tamra",NA,28804,35.64414,-82.5179,"Entire home/apt",375,2,0,"",NA,2,78,0,NA
12810440,"Modern in Downtown Walkable West Asheville",69842230,"Nicole",NA,28806,35.57363,-82.59925,"Entire home/apt",99,2,259,"2022-03-05",3.7,1,161,55,NA
53363354,"Great Location, West Asheville home, whole house",247799171,"Brent",NA,28806,35.57401,-82.60539,"Entire home/apt",105,28,1,"2022-01-28",0.58,2,220,1,NA
23084647,"Cozy Little Farmette Minutes to Downtown Asheville",6898358,"Andrea",NA,28805,35.60417,-82.5082,"Private room",89,2,66,"2022-03-12",1.54,1,169,40,NA
14122794,"Liberty Cottage",85147880,"Zephyr",NA,28803,35.56272,-82.51271,"Entire home/apt",115,4,40,"2021-12-21",0.58,1,165,16,NA
483384,"Romantic, Moroccan-Influenced Cottage",467421,"Camille",NA,28803,35.56118,-82.57784,"Entire home/apt",139,1,599,"2022-03-14",6.58,1,284,88,NA
32851430,"Stylish House By Riverside Park - Entire House!",180564557,"David",NA,28804,35.63808,-82.59658,"Entire home/apt",141,1,286,"2022-03-19",8.01,8,219,83,NA
40489327,"Cozy with Nature in the Mountains",102127332,"Julia",NA,28806,35.5189,-82.60058,"Entire home/apt",115,3,12,"2022-01-02",2.24,4,344,12,NA
25418819,"Tiny Home at the Gardens‚ÄîNear Center of Asheville",70881213,"Megan",NA,28803,35.5508,-82.50582,"Entire home/apt",80,2,262,"2022-03-07",5.78,1,103,78,NA
45717828,"Cute, Cozy, and Quiet",87602978,"Maggie",NA,28806,35.57658,-82.57238,"Entire home/apt",40,30,0,"",NA,2,21,0,NA
14963589,"Cozy Cottage in the Woods Near Biltmore",47114362,"Annie",NA,28803,35.54698,-82.50974,"Entire home/apt",105,2,293,"2022-03-14",4.4,1,114,58,NA
48334267,"Pet Friendly Condo Downtown",8480253,"Brian",NA,28801,35.59373,-82.55349,"Entire home/apt",139,1,16,"2022-02-13",1.38,8,320,16,NA
53671909,"Charming 3 Bedroom Dog friendly residential home",198597355,"Terri",NA,28732,35.42843,-82.50692,"Entire home/apt",125,3,4,"2022-01-23",1.41,1,276,4,NA
24312963,"The Lodges at Beaver lake unit 303",179393643,"Shaun",NA,28804,35.63781,-82.57578,"Entire home/apt",81,2,58,"2022-01-03",1.22,3,302,13,NA
40372837,"Carolina Suite - North Lodge on Oakland Bed & Breakfast",9106631,"David",NA,28801,35.57441,-82.55723,"Private room",220,1,2,"2020-07-11",0.1,3,237,0,NA
39964998,"Jupiter's Garden Studio",2237459,"Amanda",NA,28806,35.57414,-82.58745,"Entire home/apt",55,2,90,"2022-03-14",3.16,1,36,41,NA
27759123,"Malvern Phoenix -  West Asheville",167246897,"Laura",NA,28806,35.57648,-82.6085,"Entire home/apt",81,2,306,"2022-03-18",7.05,1,106,62,NA
353092,"Athena's Loft:  Find yourself here!",1788071,"Beth",NA,28806,35.58217,-82.59997,"Entire home/apt",78,2,515,"2022-02-21",4.94,1,152,13,NA
52546451,"Semi Secluded Bungalow - Asheville near Everything",16988044,"Elizabeth",NA,28804,35.62792,-82.59905,"Entire home/apt",200,2,1,"2021-10-15",0.19,1,0,1,NA
49900559,"Clean & cozy basement apartment in West Asheville",21377440,"Corey",NA,28806,35.57057,-82.58933,"Entire home/apt",72,1,83,"2022-03-05",8.38,1,36,83,NA
37487913,"Ivy Cottage - Private, Wooded, Tranquil & Serene",10239797,"Celeste",NA,28805,35.5723,-82.5206,"Entire home/apt",100,30,0,"",NA,1,0,0,NA
40698829,"Asheville Home Sweet Home",314149204,"Chris",NA,28806,35.50905,-82.6114,"Entire home/apt",275,2,9,"2020-12-29",0.33,1,4,0,NA
28142713,"Natural Homestay in Downtown Asheville",1675743,"V",NA,28801,35.58468,-82.55086,"Private room",63,1,165,"2021-12-31",3.82,3,8,50,NA
45063891,"West Asheville Dream Location! Doggie door! üê∂",26586147,"Caroline",NA,28806,35.57945,-82.59225,"Entire home/apt",140,28,1,"2020-10-31",0.06,1,53,0,NA
53212851,"Outstanding Luxury Downtown Condo",167186184,"Towns",NA,28801,35.59099,-82.55199,"Entire home/apt",381,1,11,"2022-03-04",2.87,114,222,11,NA
2108335,"Bodacious Downtown Bungalow",3383961,"Diane",NA,28801,35.58601,-82.55628,"Entire home/apt",165,30,348,"2021-07-22",3.48,2,344,14,NA
35116434,"Walt Whitman Garden Spa Suite - 1889 WhiteGate Inn & Cottage",13532421,"Frank",NA,28801,35.60267,-82.54983,"Private room",414,1,1,"2021-05-02",0.09,8,260,1,NA
53826158,"Hip and trendy lower level in Asheville",390983981,"Shelby",NA,28806,35.58708,-82.61125,"Private room",80,1,4,"2022-02-20",1.48,1,353,4,NA
554757680779149568,"Crestview Cottage - Private Hot Tub, High-Speed WiFi & Dog-Friendly Yard",443139360,"Vacasa North Carolina",NA,28806,35.63361,-82.62841,"Entire home/apt",274,2,3,"2022-01-18",0.92,22,347,3,NA
35079780,"Villa Rose- On 2 acres, 1 mi to Biltmore, 4 mi DT",8552617,"Shannon",NA,28803,35.56821,-82.52468,"Entire home/apt",111,2,221,"2022-03-15",7.15,1,145,89,NA
44315914,"The Stowaway // W. Asheville",357435786,"Kara",NA,28806,35.59314,-82.59148,"Entire home/apt",125,2,45,"2022-01-02",2.57,1,0,37,NA
545641753612291328,"The Barebridge Suite ~ a cozy mountain retreat",26670598,"Yaƒümur",NA,28804,35.65591,-82.58473,"Entire home/apt",114,2,2,"2022-03-13",2,1,57,2,NA
32760750,"Asheville 1 Cozy Bungalow. Pets OK! 5 Min To Dwtn",107027195,"Carl",NA,28804,35.63241,-82.57841,"Entire home/apt",197,1,167,"2022-03-16",4.62,2,169,54,NA
49729529,"The heart of West Asheville.",362841999,"Jesse",NA,28806,35.58302,-82.58233,"Entire home/apt",73,28,3,"2021-12-20",0.38,1,68,3,NA
35121441,"Ralph Waldo Emerson Suite - 1889 WhiteGate Inn & Cottage",13532421,"Frank",NA,28801,35.60401,-82.54894,"Private room",414,1,0,"",NA,8,267,0,NA
38217215,"Serenity Now!",11458618,"Becky And Matt",NA,28803,35.57582,-82.53767,"Entire home/apt",90,2,194,"2022-03-18",6.37,1,44,96,NA
23343151,"City Casita Downtown - KING Bed and Free Parking!!",4507071,"Joslyn",NA,28801,35.5982,-82.55433,"Entire home/apt",182,2,145,"2022-03-13",4.26,1,77,57,NA
50156368,"Stunning Gem in the Heart of Asheville",6654868,"Lauren",NA,28801,35.60106,-82.55998,"Entire home/apt",147,1,76,"2022-03-04",8.11,1,143,76,NA
15444450,"City Sanctuary",15904121,"Maureen",NA,28804,35.60256,-82.54097,"Entire home/apt",150,4,50,"2021-11-17",0.76,1,178,1,NA
37283361,"Walkable Asheville Vacation Rental",22084479,"Molly",NA,28806,35.57026,-82.59616,"Entire home/apt",104,1,33,"2022-02-20",1.13,1,17,16,NA
40091044,"Spacious home w/hot tub-11 miles to downtown",242474849,"Jennifer",NA,28803,35.49526,-82.50326,"Entire home/apt",273,2,26,"2022-03-14",1.06,14,291,20,NA
26983436,"Beautiful cabin with private hot tub, easy drive to town. Includes Biltmore!",134903005,"Carolina Mornings",NA,28804,35.64868,-82.63697,"Entire home/apt",149,1,32,"2022-02-16",0.84,23,310,12,NA
49503489,"New Camper/ Trailer 5 min from Downtown Asheville",176087087,"Danny",NA,28806,35.59663,-82.62328,"Entire home/apt",74,1,19,"2022-01-02",2.08,4,323,19,NA
47844976,"35 Carolina Lane Loft : Elegant + Edgy  Loft Downtown on Historic Alley + One Free Off Street Parking",181480147,"Andrew",NA,28801,35.59771,-82.55314,"Entire home/apt",352,1,40,"2022-02-06",3.08,6,339,37,NA
21784784,"West Asheville Get-Away",12610486,"Jennifer",NA,28806,35.57602,-82.59122,"Entire home/apt",150,2,43,"2022-02-27",0.82,1,332,24,NA
20355406,"West Asheville Artisan‚Äôs Grotto",145187706,"Richard",NA,28806,35.57007,-82.59509,"Entire home/apt",101,3,129,"2022-03-14",2.31,1,77,38,NA
33522770,"East West Nest: Stylish and Walkable in West Avl!",3459413,"Sara",NA,28806,35.58533,-82.5767,"Entire home/apt",121,2,190,"2022-03-17",5.75,1,220,91,NA
26284618,"Hip Asheville ""Cabin-Esque"" Guesthouse",33151095,"Tiff",NA,28804,35.62088,-82.60684,"Entire home/apt",70,1,211,"2022-02-28",4.65,6,38,46,NA
35317253,"The Namaste Room at River Row Flats - Unit 104 (Pet Friendly with Fee)",250328755,"River Row Flats, Inc",NA,28806,35.58719,-82.5715,"Entire home/apt",126,1,131,"2022-02-24",3.89,15,295,36,NA
13942925,"~Front Porch Retreat~Sleeps 4~2.5 mi to D/T~",66825963,"Kathryn",NA,28804,35.62119,-82.57492,"Entire home/apt",131,3,189,"2022-02-20",2.74,1,0,12,NA
22408602,"The Sanctuary - Walk to New Belgium & Downtown",76641431,"Stephanie",NA,28806,35.58726,-82.57304,"Entire home/apt",92,1,236,"2022-03-17",4.87,2,59,37,NA
20697183,"Enjoy pet friendly Serenity Knoll!",148137080,"Jeff & Wanda",NA,28806,35.53801,-82.61329,"Entire home/apt",103,2,88,"2021-12-20",1.64,1,156,24,NA
53508986,"Lovely second floor 1 bedroom downtown",119766721,"Nina",NA,28801,35.59272,-82.55797,"Entire home/apt",105,2,8,"2022-02-20",2.12,4,75,8,NA
12543684,"10 Minutes to Downtown & Biltmore, Next to Parkway",67969363,"Jon And Emily",NA,28803,35.55371,-82.47744,"Entire home/apt",178,2,440,"2022-03-16",6.14,6,278,56,NA
36521499,"Driftwood by The River",116133463,"Libre",NA,28805,35.59251,-82.46536,"Entire home/apt",190,2,36,"2022-02-20",1.11,2,70,5,NA
48639348,"One bedroom tree house",1292070,"Annie",NA,28805,35.5957,-82.50765,"Entire home/apt",75,30,1,"2021-11-05",0.22,3,42,1,NA
28133323,"Asheville Mountain Serendipity-close to downtown",212442161,"Anne",NA,28804,35.61003,-82.54027,"Private room",131,2,57,"2022-01-02",1.38,1,89,20,NA
22968354,"The Bluebird Basement Getaway",16233515,"Jessica",NA,28806,35.61767,-82.58097,"Entire home/apt",80,1,367,"2022-03-04",7.44,4,112,91,NA
20153704,"Private Studio By UNCA, Greenway, River & Downtown",124822920,"Jill",NA,28804,35.61749,-82.56276,"Entire home/apt",84,2,169,"2022-02-19",3.03,1,341,39,NA
20074883,"Guest Suite of New,Modern House 5 min to Downtown",17610409,"Alexandra",NA,28801,35.61005,-82.55212,"Entire home/apt",118,2,146,"2022-03-13",2.61,1,103,31,NA
47461928,"Color Me on the Trail: Mountain views, expansive deck and more!",96187307,"Yonder",NA,28803,35.52652,-82.48041,"Entire home/apt",325,1,13,"2022-01-30",1.09,46,320,13,NA
19101996,"The In-Between:Private small house between N&W Avl",50024355,"Alice",NA,28806,35.60655,-82.5908,"Entire home/apt",73,1,347,"2022-03-12",6.12,1,26,83,NA
27335298,"City of Asheville at Your Feet",205982545,"Betsy",NA,28804,35.61701,-82.53476,"Entire home/apt",179,2,103,"2021-12-19",2.39,1,2,37,NA
8266788,"5 Mins to Downtown/ 2 MIns-Biltmore",1686503,"Robert",NA,28803,35.57594,-82.54484,"Entire home/apt",302,2,38,"2022-02-20",0.48,1,0,10,NA
14941161,"City Serenity",48356327,"Marianne",NA,28801,35.60729,-82.5506,"Entire home/apt",125,2,196,"2022-01-23",2.96,1,233,29,NA
554287692513149888,"Newly renovated condo - steps to Thomas Wolf Auditorium",443139360,"Vacasa North Carolina",NA,28801,35.59757,-82.55421,"Entire home/apt",170,2,62,"2022-02-28",1.66,22,336,25,NA
21011400,"Polished New Home in Desirable Location by River",6074062,"Melissa",NA,28806,35.56732,-82.56913,"Entire home/apt",550,2,169,"2022-03-17",3.11,7,233,42,NA
29732553,"Mountain views close to everything in Asheville!",108148421,"Kate",NA,28803,35.52907,-82.49205,"Entire home/apt",511,2,145,"2022-03-18",3.61,1,192,40,NA
3868910,"The Henhouse",19977236,"Louisa",NA,28801,35.59157,-82.56673,"Entire home/apt",124,2,310,"2022-02-20",3.36,1,220,46,NA
42327054,"Gobble & Gruff Farm Stay & Play in Asheville",305733054,"Susanne",NA,28805,35.60973,-82.46577,"Entire home/apt",70,2,12,"2022-01-02",0.81,1,4,10,NA
29587963,"Happy Place Haven - Beautiful New Home w/ Firepit",1918120,"Dean And Stacey",NA,28806,35.63743,-82.63344,"Entire home/apt",145,1,119,"2022-03-05",2.9,1,171,30,NA
53142343,"4 BR with hot tub ~ 12 miles to downtown Asheville",242474849,"Jennifer",NA,28803,35.50005,-82.49572,"Entire home/apt",155,2,12,"2022-03-12",2.95,14,328,12,NA
46562220,"Weekender Cabin 3 Miles from Downtown Asheville",149112188,"Sharon & David",NA,28806,35.60868,-82.60276,"Entire home/apt",110,2,108,"2022-03-16",6.89,2,269,91,NA
49401018,"Advantageous AVL Home Convenient to Mtns & City",56757021,"Maggie",NA,28803,35.55582,-82.50391,"Entire home/apt",221,3,34,"2022-03-13",3.57,1,207,34,NA
41552639,"East Asheville 2 AirBNBs in 1,Views,Pets,Sleeps 12",189799819,"Michael&Kerrie",NA,28803,35.55054,-82.46726,"Entire home/apt",341,2,25,"2022-02-27",1.01,4,159,16,NA
41800927,"Private luxury where city & nature come together",7262993,"Mike",NA,28806,35.57259,-82.59243,"Entire home/apt",152,1,249,"2022-03-14",9.6,1,227,114,NA
22063379,"Quiet Bright Bedroom Close to Downtown",227432,"Elizabeth",NA,28804,35.61819,-82.55874,"Private room",48,1,337,"2021-11-15",6.47,1,0,35,NA
41595531,"A true piece of Avl history, IN TOWN! 5 mins to DT",26759134,"Ben",NA,28804,35.62103,-82.56311,"Entire home/apt",436,3,73,"2022-02-22",2.87,1,193,29,NA
51796389,"Asheville Mountain Retreat - 5 mi. from Downtown!",37992481,"Andy",NA,28804,35.654488,-82.541351,"Entire home/apt",425,1,3,"2022-02-20",0.99,1,191,3,NA
554282156692351552,"West Asheville Mountains to Sea Escape",3441402,"Susan",NA,28806,35.57455,-82.57449,"Entire home/apt",98,2,1,"2022-03-15",1,1,92,1,NA
53699931,"Light filled contemporary home in Walkable WAVL",28788937,"Jodie",NA,28806,35.58438,-82.57245,"Entire home/apt",150,30,0,"",NA,2,200,0,NA
977054,"The Cottage In Asheville",4302936,"Anne & Joe",NA,28804,35.6157,-82.55594,"Entire home/apt",130,30,76,"2021-11-14",0.7,1,203,2,NA
21253016,"Oasis in the Trees",2799329,"Eleanor",NA,28804,35.63776,-82.53018,"Entire home/apt",98,2,147,"2022-02-20",2.73,1,314,24,NA
31318560,"New, Luxury Condo in Downtown Asheville Condotel~45 Asheland Ave. Unit #305",167186184,"Towns",NA,28801,35.59161,-82.55633,"Entire home/apt",281,1,84,"2022-02-27",2.29,114,264,22,NA
45514296,"Cozy house in a GREAT location!",89001844,"Bobby",NA,28806,35.56969,-82.63705,"Entire home/apt",152,2,66,"2022-03-03",3.71,1,161,46,NA
53967158,"NEW! Quiet Asheville Mtn Gem By Biltmore, Downtown",121681645,"Evolve",NA,28803,35.51735,-82.47832,"Entire home/apt",132,2,9,"2022-03-13",3.8,15,335,9,NA
53310406,"West AVL Retreat w/ Fully-Fenced Yard",8035294,"Alicia",NA,28715,35.562,-82.65359,"Entire home/apt",150,60,1,"2022-01-26",0.56,4,76,1,NA
52419566,"NEW! Luxe Asheville Home w/ Stunning Mountain View",121681645,"Evolve",NA,28806,35.6109,-82.65192,"Entire home/apt",452,3,9,"2022-02-21",1.91,15,283,9,NA
35918507,"Hidden Creek Lodge; upscale retreat on the doorstep of Downtown Asheville; more!",96187307,"Yonder",NA,28805,35.61419,-82.52137,"Entire home/apt",1039,2,10,"2021-11-07",0.34,46,295,2,NA
583867686874028288,"The Look Out Trail at River Row Flats",250328755,"River Row Flats, Inc",NA,28806,35.58877,-82.57347,"Entire home/apt",118,1,0,"",NA,15,349,0,NA
43412676,"Cane Creek Valley Swim-Soak-Stay w/Pool! Hot tub!",44777426,"Jan",NA,28732,35.46218,-82.46945,"Entire home/apt",172,2,92,"2022-03-13",4.15,1,254,43,NA
22848760,"Downtown $$$‚Ç¨¬£¬•^^the Closest neighborhood",167400820,"Don",NA,28801,35.59213,-82.54787,"Entire home/apt",79,3,262,"2022-03-16",6.34,1,60,75,NA
1421061,"Garden studio between Asheville +  Biltmore Estate",483350,"Emilio And Kate",NA,28803,35.57597,-82.53695,"Entire home/apt",158,2,129,"2021-10-25",1.23,1,231,8,NA
23578212,"Central Downtown Luxury Contemporary Residence 201",4709573,"Peter",NA,28801,35.59731,-82.55268,"Entire home/apt",257,3,39,"2022-03-13",1.26,3,287,19,NA
20747532,"Nana‚Äôs Crafted Cottage",148593846,"Lisa",NA,28715,35.56371,-82.65952,"Entire home/apt",90,1,95,"2022-01-04",1.72,2,361,34,NA
13136198,"Urban Farm Studio ~ Close to Everything!",71564543,"Renee",NA,28806,35.57393,-82.61061,"Entire home/apt",112,3,223,"2022-02-21",3.25,1,228,29,NA
20779200,"The Asheville Oak",19496141,"Stephen",NA,28803,35.54966,-82.51007,"Entire home/apt",85,1,423,"2022-03-16",7.71,2,99,108,NA
565970292482929792,"Clean, Sunny Home w Large Yard & Central Location!",29859810,"Reina",NA,28803,35.56028,-82.5341,"Private room",39,1,2,"2022-03-08",2,3,8,2,NA
53090402,"The retreat in Haw Creek",429785035,"Sharon",NA,28804,35.61248,-82.50989,"Entire home/apt",85,1,6,"2022-03-19",1.42,1,257,6,NA
53570070,"New Luxury Asheville Studio with Great Mnt Views!",200858798,"Gerard",NA,28804,35.63413,-82.51738,"Entire home/apt",142,2,2,"2022-02-20",0.78,1,328,2,NA
52257659,"The Cottage at Crowley Farms. Oct. Brand new",387184863,"Jack & Jennifer",NA,28806,35.64378,-82.65525,"Entire home/apt",131,2,25,"2022-03-17",4.78,1,66,25,NA
39196663,"Private Suite Close to Biltmore and Asheville.",58838473,"Sandy",NA,28803,35.5624,-82.52337,"Private room",102,3,90,"2022-02-21",3.06,1,109,32,NA
48901952,"Desirable North Asheville",48417400,"Dianne",NA,28804,35.644,-82.50993,"Entire home/apt",99,3,9,"2021-12-05",0.97,1,103,9,NA
43349933,"Blue Bird Cottage Mountain Views & Hot Tub",15788000,"Lisa",NA,28715,35.50898,-82.65812,"Entire home/apt",180,1,151,"2022-03-12",6.95,7,270,77,NA
29052301,"Five Stars in Five Points",218933862,"Bronwen",NA,28801,35.60575,-82.55683,"Entire home/apt",109,2,112,"2022-03-13",2.69,1,124,29,NA
43430751,"Brick Ranch Home w/ Outdoor Delights & Fenced Yard",1766838,"Monica",NA,28806,35.59979,-82.59503,"Entire home/apt",215,2,16,"2022-03-13",1.95,1,139,16,NA
41257317,"Private entry to cozy room minutes to downtown!",6659154,"Jordan",NA,28806,35.63721,-82.63351,"Private room",46,1,25,"2022-01-01",0.96,2,183,20,NA
26260868,"Great! private: very close to airport, AVL, hiking",197405706,"Heather",NA,28732,35.43403,-82.52393,"Private room",51,1,182,"2022-03-13",4.09,2,40,55,NA
31241544,"Cottage Under the Blue Ridge",233729575,"Becky",NA,28805,35.60588,-82.48704,"Entire home/apt",152,2,279,"2022-03-19",7.2,1,131,96,NA
27566298,"Welcome to Asheville! Private room #1",204005138,"Tamara & Sergey",NA,28806,35.60352,-82.61175,"Private room",45,1,350,"2022-03-20",7.96,3,358,106,NA
47331141,"Kimono Cottage-homestyle Zen in West Asheville",270115998,"Satsuki",NA,28806,35.57775,-82.60505,"Entire home/apt",151,2,47,"2022-03-14",4.15,1,51,47,NA
50750210,"Privacy*Natural Beauty*Close to all attractions",403566878,"Ginger",NA,28805,35.5893,-82.46803,"Entire home/apt",134,2,7,"2022-03-13",0.93,2,80,7,NA
54367334,"NEW! 1 Bed/1 Bath/Office in Historic Grove Park",5082944,"Annie",NA,28801,35.60894,-82.54555,"Entire home/apt",65,29,0,"",NA,1,285,0,NA
31516196,"Emily's Cottage",21897312,"Frank",NA,28804,35.63076,-82.56291,"Entire home/apt",90,30,7,"2021-10-18",0.2,1,171,4,NA
43649028,"Modern Loft in walkable west Asheville II",1872084,"Linda And Rafael",NA,28806,35.58117,-82.59856,"Entire home/apt",119,2,79,"2022-03-01",3.66,3,161,37,NA
25722075,"Chateau on Patton Mountain! Minutes to downtown!",71812166,"Heidi & Ricky",NA,28804,35.6272,-82.53487,"Entire home/apt",450,3,113,"2022-02-14",2.51,7,244,33,NA
46131660,"South Asheville Getaway",257395098,"Bryan",NA,28704,35.46299,-82.50867,"Entire home/apt",153,4,50,"2022-03-13",2.98,1,273,33,NA
52091373,"‚≠êÔ∏èModernFarmhouse:MtnViews,PoolTable,Cornhole,Grill",182768159,"Cassie & Jeremy",NA,28805,35.61878,-82.48233,"Entire home/apt",449,2,15,"2022-03-13",2.78,1,323,15,NA
1127777,"Modern Meets Zen, Rest & Restore - West Asheville",6187751,"Hun",NA,28806,35.57381,-82.59377,"Private room",95,2,301,"2022-02-21",2.83,1,177,26,NA
16566334,"Comfy Asheville Cottage with Private Fenced Yard",15086526,"Smithson",NA,28806,35.54977,-82.62883,"Entire home/apt",138,1,348,"2022-02-26",5.94,3,122,73,NA
50610553,"***The Lucky Duck ü¶Ü  Relax ‚Ä¢ Fish ‚Ä¢ Enjoy",100789740,"Carrie",NA,28806,35.59343,-82.65805,"Entire home/apt",228,2,5,"2021-12-19",0.71,4,323,5,NA
47405082,"Asheville Tackle Box Tiny House",338836359,"Jodie",NA,28704,35.45915,-82.56076,"Entire home/apt",79,1,113,"2022-03-18",7.78,2,356,95,NA
52617860,"Casa Amarilla | The Yellow House of AVL",412831695,"Mary",NA,28704,35.47642,-82.50411,"Entire home/apt",215,2,0,"",NA,1,353,0,NA
40274759,"Pod at Sweet Peas Hostel",305248767,"Sweet Peas",NA,28801,35.59685,-82.55437,"Shared room",43,1,341,"2022-03-15",12.15,4,89,275,NA
39036474,"New luxury 1 bdr/1 bath condo heart of downtown Asheville~55 South Market #214",167186184,"Towns",NA,28801,35.5935,-82.55112,"Entire home/apt",224,1,56,"2022-02-24",2.01,114,251,35,NA
18473371,"West Asheville Bamboo Bungalow near French Broad River",128125554,"Austin",NA,28806,35.56781,-82.56795,"Entire home/apt",155,2,146,"2022-03-11",2.49,1,187,40,NA
52407559,"Trendy and Spacious 2-story Apt. on Carolina Ln",329768553,"Austin",NA,28801,35.597935,-82.553123,"Entire home/apt",175,2,17,"2022-03-18",5.15,3,112,17,NA
51431865,"Private room in West Asheville bungalow",5518425,"Grant",NA,28806,35.57228,-82.57832,"Private room",70,2,0,"",NA,1,267,0,NA
5464591,"Artsy/Zen Bungalow in W. Asheville!",28342264,"Kristin",NA,28806,35.5751,-82.59686,"Entire home/apt",157,1,255,"2022-02-13",2.99,1,222,43,NA
52952113,"North AVL Hideout - Close to Downtown and Parkway",122746719,"Rebecca & Austin",NA,28804,35.64298,-82.51225,"Entire home/apt",281,2,20,"2022-03-17",5.77,2,205,20,NA
30336545,"A Country Place-Last MInute Cancellation!",11645461,"Jenny",NA,28801,35.60236,-82.5673,"Private room",86,3,35,"2021-10-25",1.09,1,0,6,NA
554287419576797760,"Choice All-Suite Retreat - Near Arts District, Downtown & Outdoor Activities",443127396,"Vacasa North Carolina",NA,28806,35.59735,-82.62273,"Entire home/apt",125,2,9,"2021-11-27",0.55,16,361,8,NA
15817222,"Middle Sunny Bedroom",57405998,"Cody",NA,28806,35.58473,-82.60814,"Private room",58,1,186,"2022-03-07",2.93,2,51,30,NA
50111754,"Sweet Bungalow With Cozy Cabana",404315596,"Toni",NA,28704,35.47336,-82.51417,"Entire home/apt",108,2,33,"2022-02-21",3.82,1,351,33,NA
34207606,"In east Asheville and close to so much more!",173098107,"Paul & Anne",NA,28805,35.58176,-82.48083,"Private room",44,2,58,"2021-12-07",1.79,2,136,14,NA
21214062,"Peaceful, Comfortable House in West Asheville",56642643,"Paul",NA,28806,35.57864,-82.63005,"Entire home/apt",193,5,25,"2021-12-31",0.61,3,54,8,NA
674894,"Lovely mountain home with a view!",614610,"Linda",NA,28805,35.62272,-82.50285,"Private room",49,2,223,"2022-03-12",2.06,2,354,33,NA
11609580,"Spacious, Chic Grove Park Studio - 5 Min Dwntwn",3156619,"Clara",NA,28801,35.61484,-82.54227,"Entire home/apt",135,2,259,"2022-02-13",3.94,1,222,42,NA
40758073,"Asheville Arts and crafts cabin on the river.",291084289,"Matthew",NA,28804,35.62922,-82.59894,"Entire home/apt",186,2,33,"2021-12-29",1.22,1,55,14,NA
24117606,"La Maison du Bonheur: The Peaceful Room",181660259,"Ang√®le",NA,28803,35.53297,-82.51794,"Private room",67,2,27,"2021-11-14",0.77,2,266,23,NA
43813089,"Game room, hot tub, 7 miles to downtown Asheville!",242474849,"Jennifer",NA,28805,35.60246,-82.47042,"Entire home/apt",385,2,56,"2022-02-18",2.69,14,314,25,NA
48028960,"Newly Renovated Condo in heart of Biltmore Village #200",167186184,"Towns",NA,28803,35.56364,-82.54184,"Entire home/apt",366,1,18,"2022-02-27",1.35,114,227,16,NA
48484474,"Modern Mtn Getaway 5 Miles to Downtown Asheville",151397468,"Evolve",NA,28804,35.64232,-82.5208,"Entire home/apt",183,2,23,"2022-03-05",2.01,22,336,23,NA
32893323,"Beautiful Quiet and Spacious Home in WestAsheville",247466621,"Patrick",NA,28806,35.5656,-82.59454,"Entire home/apt",186,2,69,"2022-02-20",1.98,1,16,36,NA
53508437,"Holly Hill Hideaway",205522452,"Black Bear",NA,28806,35.62107,-82.6398,"Entire home/apt",62,2,9,"2022-03-15",2.55,6,364,9,NA
42305242,"Howie's Hideout",122038827,"Stephanie",NA,28806,35.55772,-82.60334,"Entire home/apt",375,3,64,"2022-03-13",2.58,1,309,30,NA
20454654,"Downtown-central located cottage",71017205,"Showee",NA,28801,35.58048,-82.55518,"Entire home/apt",118,3,339,"2022-01-01",6.08,2,50,61,NA
13426466,"Asheville Studio w/ Sleeping Loft - Walk Downtown!",76545940,"Hilary",NA,28801,35.60229,-82.56237,"Entire home/apt",74,30,32,"2019-05-27",0.46,2,46,0,NA
43268496,"Private Guest Suite in Heart of West Asheville",23952961,"Caroline",NA,28806,35.58492,-82.58925,"Entire home/apt",110,2,41,"2022-03-13",2.2,1,51,23,NA
12250733,"West AVL Urban Retreat (Monthly)",6773853,"Ricky",NA,28806,35.56921,-82.57358,"Entire home/apt",105,30,24,"2022-03-03",0.33,1,0,8,NA
51752014,"Cozy Asheville/ Bent Creek Retreat Hot Tub",419247317,"Gene",NA,28806,35.51292,-82.61666,"Entire home/apt",226,1,53,"2022-03-08",8.11,1,346,53,NA
27306911,"Mountaintop Getaway minutes from West Asheville!",9339825,"Jenna",NA,28806,35.60031,-82.64394,"Entire home/apt",135,2,188,"2022-03-15",4.4,2,17,43,NA
17416267,"Downtown and Biltmore!",25041828,"Sarah",NA,28803,35.56677,-82.52251,"Entire home/apt",121,2,86,"2022-02-27",2.23,4,162,30,NA
39170705,"Private Grove Park Suite near downtown Asheville!",16970160,"Daniel",NA,28801,35.61295,-82.54469,"Entire home/apt",154,2,142,"2022-03-04",4.82,2,72,74,NA
47091897,"Big Red",231291927,"Steve",NA,28806,35.63184,-82.62874,"Entire home/apt",82,1,191,"2022-03-17",12.57,9,354,153,NA
1297717,"Lovely, peaceful mountain retreat",614610,"Linda",NA,28805,35.62277,-82.50215,"Entire home/apt",57,2,103,"2018-07-24",0.98,2,235,0,NA
14738243,"CozyCottageWalk2town,",65772530,"Roberta",NA,28801,35.60369,-82.54804,"Private room",42,2,202,"2022-01-09",3.13,1,0,6,NA
39364782,"Quiet Downtown Suite Steps Away from Downtown",35972008,"Virginia",NA,28801,35.59905,-82.55763,"Entire home/apt",225,2,16,"2021-06-14",0.58,1,0,4,NA
52386150,"Bright, Clean, and Close to Everything.",424026604,"Terry",NA,28806,35.59252,-82.61285,"Entire home/apt",100,30,0,"",NA,2,311,0,NA
24594949,"Stylish Studio in the Trees - Montford",12920851,"Terry",NA,28801,35.60694,-82.57503,"Entire home/apt",114,3,188,"2022-03-14",3.99,1,27,34,NA
18721359,"The Acorn Guesthouse",32221473,"Randy",NA,28803,35.56728,-82.52617,"Entire home/apt",50,30,11,"2021-11-05",0.38,2,265,4,NA
43689886,"Le Chateau D'Arce @ The Baying Hound Campground",151279507,"Bobby And Amanda",NA,28806,35.61182,-82.60355,"Private room",29,1,37,"2021-12-19",1.72,19,356,18,NA
48491502,"Asheville Cottage 18-20",174586650,"Perry",NA,28805,35.58506,-82.48831,"Entire home/apt",54,30,1,"2021-07-31",0.13,4,77,1,NA
6005112,"Solar House in South Asheville",31174094,"Walter",NA,28803,35.49363,-82.51539,"Private room",65,2,59,"2022-03-18",1.46,2,30,22,NA
23076921,"North Asheville Urban Forest",89752652,"Gary",NA,28801,35.61301,-82.55655,"Private room",75,1,206,"2022-01-07",4.24,1,161,66,NA
11291801,"Private, secluded cabin-wood/fireplace/hot tub.",44117628,"Kelly",NA,28806,35.5964,-82.65604,"Entire home/apt",132,2,114,"2022-03-15",1.58,2,279,37,NA
17155164,"Beautiful Mountain Views 5 Minunutes to Downtown!!",21539203,"Dorothy",NA,28805,35.5917,-82.5375,"Entire home/apt",106,2,514,"2022-02-28",8.37,3,259,99,NA
24907910,"2 BR Private Apartment Under 3 Miles to Downtown",184575448,"Alex",NA,28804,35.63959,-82.57379,"Entire home/apt",116,2,34,"2020-08-17",0.73,1,0,0,NA
19858349,"Suite in Montford (kid-friendly)",140436665,"Alexa And Mike",NA,28801,35.59785,-82.56567,"Entire home/apt",159,3,99,"2022-03-07",1.95,2,31,13,NA
51562372,"Vintage Norwood Carriage House",48817320,"David",NA,28804,35.6135,-82.55294,"Entire home/apt",129,2,16,"2022-03-06",2.73,1,22,16,NA
47834023,"""Albergue"" Home base for exploring Asheville & WNC",29603611,"Isaiah",NA,28801,35.6024,-82.573,"Entire home/apt",94,3,67,"2022-03-13",4.94,1,26,60,NA
49484290,"Dogwood Cottage - Perfect couples escape",44036707,"Michael",NA,28704,35.46411,-82.5764,"Entire home/apt",101,2,23,"2021-12-31",2.23,3,109,23,NA
40784083,"THE HIVE: Large 6-BR home, great location & clean",53103852,"Andrea",NA,28803,35.48984,-82.49757,"Entire home/apt",414,2,137,"2022-03-18",6.17,2,272,84,NA
34900080,"Charming, Newly Renovated 1 bdr/1 bath in Historic King James Building Unit #7",167186184,"Towns",NA,28801,35.60292,-82.54661,"Entire home/apt",124,1,70,"2022-02-27",2.04,114,258,20,NA
28927010,"Cozy Cottage Near Town",123511498,"Chad",NA,28806,35.58875,-82.62338,"Entire home/apt",126,6,93,"2021-11-28",2.21,1,85,20,NA
44175607,"Room with a view.",326751718,"Sheri",NA,28801,35.60528,-82.5697,"Private room",215,1,0,"",NA,7,315,0,NA
26103338,"Downtown Getaway + Modern Bungalow / SIDE SUITE",7150495,"Wren",NA,28801,35.60355,-82.55703,"Private room",94,1,263,"2022-03-04",5.78,2,156,101,NA
45023214,"Hidden Acres Guest House w/ Hot Tub",344807572,"Richard",NA,28806,35.547,-82.63248,"Entire home/apt",92,1,139,"2022-03-18",7.25,3,328,84,NA
37119782,"Elope overlooking Mountains (Mini Lavender Farm)",200915871,"Celeste And Chris",NA,28804,35.65077,-82.52751,"Entire home/apt",132,2,0,"",NA,6,248,0,NA
48196625,"Quirky, eccentric, fabulous Chill Oasis",297735165,"Greg",NA,28806,35.56986,-82.58005,"Entire home/apt",125,2,16,"2022-01-02",2.26,1,0,16,NA
31709039,"Modern Home in West Asheville",41853076,"Valerie",NA,28806,35.58207,-82.60038,"Private room",74,1,61,"2022-03-06",1.65,1,183,25,NA
36213020,"Charming, Newly Renovated 1 bdr/1 bath in Historic King James Building Unit #4",167186184,"Towns",NA,28801,35.60146,-82.54663,"Entire home/apt",124,1,64,"2022-02-21",1.95,114,264,24,NA
45421363,"Lofts at Woolworth in downtown Asheville NC! #207",367363875,"Scott",NA,28801,35.59546,-82.55421,"Entire home/apt",275,3,55,"2022-03-13",3.67,8,85,48,NA
14125023,"Downtown Furnished Studio!! Close to Everything!!!",10746689,"Irina",NA,28801,35.59841,-82.54228,"Entire home/apt",80,30,4,"2022-02-02",0.09,2,222,3,NA
32870113,"the RUBY ROOST cozy retreat near West Asheville",87229450,"Tristan",NA,28715,35.55431,-82.64858,"Entire home/apt",75,1,204,"2022-03-19",5.7,1,0,57,NA
32933835,"Cozy mountain retreat. Convenient to downtown.",247799171,"Brent",NA,28806,35.54664,-82.6161,"Entire home/apt",170,2,81,"2022-02-05",2.25,2,247,31,NA
8513468,"Charming home near UNCA/Downtown",30899500,"Daniel",NA,28804,35.61802,-82.56014,"Entire home/apt",80,30,201,"2022-01-30",2.56,1,248,2,NA
31411568,"Downtown‚Ä¢Modern‚Ä¢Cumberland Cottage‚Ä¢Kitchen‚Ä¢Sleep 6",178317608,"Carly",NA,28801,35.59808,-82.55833,"Entire home/apt",270,2,250,"2022-03-13",6.53,2,201,86,NA
45893285,"Shrimp Shack @ Baying Hound Campground",151279507,"Bobby And Amanda",NA,28806,35.61147,-82.60474,"Entire home/apt",29,1,46,"2021-12-28",2.68,19,86,34,NA
42298029,"Cozy Bungalow near Downtown & Biltmore- West Room.",304891938,"Joshua",NA,28803,35.56385,-82.52236,"Private room",43,3,122,"2022-03-17",4.94,3,355,52,NA
16868257,"Taylor Ranch Retreat",112407742,"Inspired Getaway",NA,28732,35.46129,-82.4674,"Entire home/apt",290,2,52,"2022-02-06",1.81,3,237,22,NA
51838711,"Rustic Camper minutes to Asheville",398177301,"Barry",NA,28806,35.61922,-82.65641,"Entire home/apt",66,1,25,"2022-03-06",3.68,7,361,25,NA
26335600,"Artists' Home in the Heart of West Asheville",11399755,"Jen",NA,28806,35.58468,-82.59858,"Private room",45,1,68,"2020-07-04",1.53,1,0,0,NA
53395590,"The Asheville Club at 151 Suite 1103",167186184,"Towns",NA,28801,35.59746,-82.55829,"Entire home/apt",381,1,7,"2022-03-02",1.81,114,277,7,NA
976034,"Urban Peace 5 ml from Downtown AVL",5340154,"Ar",NA,28803,35.55544,-82.48361,"Entire home/apt",151,2,163,"2019-05-27",1.49,1,80,0,NA
35521639,"Quiet Mtn Cottage Near Biltmore-Downtown-Full Kit",267251966,"Jeff",NA,28806,35.5263,-82.61127,"Entire home/apt",131,2,144,"2022-03-13",4.34,3,166,59,NA
23623536,"Walking Distance to Downtown Asheville. Clean!",400858996,"Brian",NA,28801,35.59569,-82.56288,"Entire home/apt",175,2,158,"2022-03-13",3.35,1,130,55,NA
554759394399258752,"Elkhorn Cabin & Eagles Wing Lodge | 2 Adjacent Cabins | Walk to Spa & Trails",443139360,"Vacasa North Carolina",NA,28803,35.54772,-82.49542,"Entire home/apt",684,2,0,"",NA,22,353,0,NA
36241169,"Private, New & Walkable to Haywood Rd & River Arts",9313376,"Thomas",NA,28806,35.58277,-82.57902,"Entire home/apt",105,1,303,"2022-03-18",9.2,1,108,126,NA
24540122,"Private+Walk to RAD & West AVL+Deck!!!",185370249,"Brooke & Keith",NA,28806,35.58425,-82.57564,"Entire home/apt",111,3,321,"2022-03-17",6.86,2,38,81,NA
13819278,"Mountain Glow- close to downtown and BR Parkway.",24629376,"Mary",NA,28805,35.60833,-82.48589,"Entire home/apt",156,3,127,"2022-01-02",1.88,1,312,40,NA
39769249,"Historic Oasis next to downtown",84554169,"Jarod",NA,28801,35.6084,-82.54457,"Entire home/apt",109,2,17,"2020-08-10",0.64,1,0,0,NA
39229606,"Historic Farmstead 5 min from Downtown Asheville",1912965,"Tim",NA,28805,35.58958,-82.50909,"Entire home/apt",93,2,137,"2022-03-16",4.88,1,131,70,NA
52954755,"""Chill Boho"" West Asheville - Private Room & Bath",5019293,"Rebekah",NA,28806,35.56556,-82.63505,"Private room",78,3,2,"2021-12-30",0.46,1,364,2,NA
45619526,"Walk to breweries, restaurants & music venues",51855399,"Kurt",NA,28806,35.58027,-82.5966,"Entire home/apt",86,2,81,"2022-03-08",4.63,1,90,60,NA
38453728,"Quiet, Safe, Well-Appointed, Excellent Location",293140550,"Dena",NA,28806,35.58348,-82.57361,"Private room",50,30,1,"2019-11-13",0.03,1,79,0,NA
11947108,"2BR suite near Biltmore Estate, Brews & Downtown",12949639,"Roger And Mary",NA,28803,35.57818,-82.54402,"Entire home/apt",116,2,259,"2022-03-06",3.76,1,244,49,NA
30558665,"Asheville Yoga Training? Here's your spot!",2285909,"Gretchen",NA,28801,35.60554,-82.55124,"Private room",99,1,7,"2020-03-10",0.18,3,78,0,NA
49761321,"Stay In The Loop",64318627,"Ceara",NA,28806,35.58693,-82.59908,"Entire home/apt",125,30,4,"2022-02-24",0.46,1,82,4,NA
48694660,"Off grid tiny living on the farm in Asheville!",231291927,"Steve",NA,28806,35.63308,-82.62892,"Entire home/apt",66,3,121,"2022-03-15",9.89,9,360,120,NA
45988503,"Bent Creek Retreat Mountain Biking & dog friendly",372785378,"Lorrin",NA,28806,35.504337,-82.607079,"Entire home/apt",90,2,73,"2022-03-13",4.59,1,50,60,NA
20362514,"West AVL Bohemian Bungalow, walk to Haywood Rd",52404494,"Sonia",NA,28806,35.57493,-82.58947,"Entire home/apt",213,2,27,"2021-10-10",0.49,1,5,10,NA
197263,"Tranquil Room & Private Bath",961396,"Timo",NA,28806,35.57808,-82.63689,"Private room",45,2,42,"2021-11-28",0.36,2,80,4,NA
47001014,"Private 3/2 Biltmore Village Home Near Everything!",177685841,"Bobby",NA,28803,35.55644,-82.53692,"Entire home/apt",125,3,12,"2022-03-08",1.6,1,165,12,NA
27853519,"Welcome to Asheville! Private room #2",204005138,"Tamara & Sergey",NA,28806,35.60353,-82.61134,"Private room",44,1,392,"2022-03-19",9.02,3,362,131,NA
40030511,"Cozy 2.5BR 1400 sq ft triplex in historic Montford",223842233,"Donna",NA,28801,35.60873,-82.56497,"Entire home/apt",55,30,9,"2022-02-26",0.32,1,2,5,NA
52887058,"‚≠ê Hip West Asheville üè† w/3BR üêï üëç",428187004,"Piyumi",NA,28806,35.569981,-82.631577,"Entire home/apt",153,2,21,"2022-03-14",4.96,1,178,21,NA
554287300307621376,"Spacious Mountain-View Retreat | Private Hot Tub, 2 Living Areas, Foosball",443127396,"Vacasa North Carolina",NA,28704,35.46062,-82.5882,"Entire home/apt",273,2,13,"2022-01-17",1.3,16,336,13,NA
43826270,"Beautiful Brand New House! Minutes to Downtown Avl",132719003,"Sarah",NA,28804,35.63422,-82.5844,"Entire home/apt",350,3,35,"2022-02-21",1.7,1,304,18,NA
52931930,"A Quiet Getaway Near The Historic Grove Park Inn",428514518,"Paul & Sonali",NA,28804,35.61702,-82.55298,"Entire home/apt",150,2,12,"2022-03-20",2.83,1,61,12,NA
25109693,"The Bluebird Getaway",16233515,"Jessica",NA,28806,35.61906,-82.58095,"Entire home/apt",176,3,118,"2022-02-21",3.41,4,33,41,NA
48105328,"West Asheville Cabin with Hot tub",40029825,"Melissa",NA,28806,35.59903,-82.63737,"Entire home/apt",206,2,104,"2022-03-15",7.94,1,67,96,NA
14652591,"Cozy--private entrance and bath,  central location",46663867,"Lynn",NA,28805,35.58384,-82.49855,"Entire home/apt",80,2,132,"2022-03-13",2.01,1,144,30,NA
34572413,"Arden Cottage w/Fire Pit - 11 Mi to Asheville",151397468,"Evolve",NA,28704,35.47941,-82.58403,"Entire home/apt",120,2,31,"2021-11-14",0.94,22,348,13,NA
35485678,"Mountain/golf course view near downtown.",266624774,"Na",NA,28805,35.58057,-82.49607,"Entire home/apt",150,3,53,"2021-07-31",1.58,1,0,9,NA
2569529,"Downtown Asheville 2 bed/2bath unit for rent",8671251,"Heather",NA,28801,35.60045,-82.55587,"Entire home/apt",85,180,12,"2016-07-04",0.12,1,304,0,NA
21236709,"Perfect place for a quick getaway",153487202,"Matt",NA,28806,35.6243,-82.62108,"Private room",71,2,213,"2021-10-10",3.94,2,0,18,NA
13556933,"Sunporch Suite w/ private entrance",78069256,"Laura",NA,28804,35.63261,-82.53672,"Entire home/apt",78,1,248,"2022-03-15",3.66,2,29,45,NA
37327799,"Elegant Mountain Chalet 15 Minutes to downtown AVL",145533530,"Christy",NA,28805,35.63432,-82.4606,"Entire home/apt",350,3,79,"2022-03-18",2.54,4,147,24,NA
40132695,"51-Acre Peaceful Retreat 9 Miles from Downtown",309708737,"Gary",NA,28805,35.64558,-82.47004,"Entire home/apt",120,3,35,"2021-12-13",1.26,1,62,24,NA
31681784,"New Downtown Luxury Condo with Stunning Mountain Views",167186184,"Towns",NA,28801,35.59153,-82.55565,"Entire home/apt",295,1,63,"2022-02-22",1.69,114,216,20,NA
53834698,"NEW! Pet-Friendly Mountain Apt w/ Patio & Koi Pond",121681645,"Evolve",NA,28805,35.62783,-82.47923,"Entire home/apt",124,2,1,"2021-12-29",0.37,15,329,1,NA
7341057,"Two Bedroom Suite in South Asheville",37737144,"Kwadwo",NA,28704,35.47536,-82.50085,"Private room",95,1,173,"2021-12-27",2.15,4,345,24,NA
47963232,"Boutique Condo in the ‚ù§ of Downtown Asheville",41847750,"J. Benjamin",NA,28801,35.59416,-82.5511,"Entire home/apt",295,2,29,"2022-03-12",2.25,1,224,26,NA
53547976,"1 Bedroom in a shared home in Asheville",433621709,"Thomas",NA,28803,35.55474,-82.50973,"Private room",122,2,4,"2022-02-20",1.5,1,360,4,NA
48623500,"""Modern Bohemian"" King + 4 miles to DT Asheville",181316638,"Becky",NA,28806,35.59049,-82.62118,"Entire home/apt",284,2,69,"2022-02-28",5.67,7,318,69,NA
45603008,"¬´Demi Sous-Sol Ensoleill√©¬ª, 3 Rm/2.5 Bath for four",996829,"Bob",NA,28801,35.58186,-82.56123,"Entire home/apt",174,2,140,"2022-03-19",7.98,1,253,103,NA
37797864,"West Asheville Studio - ""Touch of Provence""",22829042,"Joelle",NA,28806,35.58427,-82.60594,"Entire home/apt",90,2,79,"2022-01-01",2.68,1,2,28,NA
34009815,"Charming bungalow in West Asheville w/hottub",132575583,"Jennifer",NA,28806,35.57266,-82.58854,"Entire home/apt",187,1,162,"2022-03-13",4.59,1,288,53,NA
39113069,"Luxury West AVL Apartment, 3 miles from Downtown",299822655,"Lily",NA,28806,35.58101,-82.59709,"Entire home/apt",174,1,97,"2022-03-05",3.26,2,117,46,NA
48334198,"Pet Friendly Condo in the Heart of Downtown",8480253,"Brian",NA,28801,35.59373,-82.55349,"Entire home/apt",131,1,7,"2021-12-30",0.6,8,332,7,NA
23748278,"Cortland Cottage @ Applewood Manor B&B",175871539,"Stephen",NA,28801,35.60704,-82.56453,"Hotel room",239,1,22,"2021-01-02",0.49,7,239,0,NA
554287388846165120,"Newly Renovated | River Arts Retreat | Furnished Patio, Firepit & Porch",443127396,"Vacasa North Carolina",NA,28804,35.62092,-82.57556,"Entire home/apt",243,2,16,"2021-12-05",1.31,16,364,15,NA
29208295,"Studio Apartment in West Asheville Private Home",38120548,"M",NA,28806,35.52491,-82.61284,"Private room",66,2,228,"2022-03-13",5.46,1,57,56,NA
48330527,"Lofts at Woolworth in downtown Asheville NC! #205",367363875,"Scott",NA,28801,35.59546,-82.55421,"Entire home/apt",250,2,34,"2022-03-20",2.87,8,116,34,NA
575424939831897984,"Peaceful townhome with deck, central ac, private washer/dryer, & free WiFi",206690366,"Vacasa North Carolina",NA,28806,35.63929,-82.62782,"Entire home/apt",220,2,0,"",NA,5,364,0,NA
22684105,"Romantic B&B room with beautiful canopied four poster bed",161559240,"The Lion And The Rose",NA,28801,35.60438,-82.56544,"Private room",178,1,1,"2019-12-06",0.04,6,49,0,NA
20146236,"‚ú• The White House ‚ú• 9 min to DT A-Ville, Sleeps 8+",181316638,"Becky",NA,28806,35.58683,-82.61431,"Entire home/apt",206,2,271,"2022-02-20",4.82,7,327,58,NA
15437202,"Cozy and Quiet on Hemphill",98990072,"Anne",NA,28803,35.56502,-82.48411,"Private room",51,2,106,"2022-03-14",1.61,1,164,20,NA
29073142,"1 Mile To Downtown Asheville Breakfast Included",34480852,"Valerie",NA,28804,35.61685,-82.55731,"Entire home/apt",126,1,300,"2022-03-19",7.2,1,240,108,NA
49640482,"Biltmore Village Getaway",167186184,"Towns",NA,28803,35.56436,-82.54001,"Entire home/apt",281,1,17,"2021-12-27",1.65,114,248,17,NA
34396785,"Cozy Private Suite",66342274,"Adam And Claudia",NA,28803,35.55542,-82.51152,"Entire home/apt",100,2,6,"2019-12-08",0.2,1,1,0,NA
35162584,"Trippy Tortoise Shell-ter",151279507,"Bobby And Amanda",NA,28806,35.6131,-82.60461,"Private room",25,1,88,"2022-03-05",2.6,19,170,24,NA
43403464,"Brand New, Immaculate Sanctuary in North Asheville",45101975,"Frank",NA,28804,35.62884,-82.56641,"Entire home/apt",162,3,54,"2022-03-06",2.44,1,310,18,NA
54314797,"Cozy & Downtown. Perfect place to unwind & enjoy!",179779419,"Justin",NA,28801,35.5886,-82.56405,"Entire home/apt",225,4,3,"2022-03-18",3,1,111,3,NA
51707443,"Cozy Cottage II - The perfect getaway",72193612,"Rob",NA,28803,35.55458,-82.51136,"Entire home/apt",188,3,20,"2022-02-27",3.08,2,78,20,NA
45469866,"""Out of the Blue""  West Asheville Sanctuary",367730375,"William",NA,28806,35.60293,-82.59509,"Entire home/apt",389,2,54,"2022-03-14",3.02,1,61,35,NA
42810727,"Cozy and Convenient West Asheville Apartment",8365974,"Katie",NA,28806,35.57084,-82.59342,"Entire home/apt",86,1,42,"2022-03-14",3.99,1,220,42,NA
551447178817158016,"Asheville Rock Creek House: 10 min from downtown",434738286,"Tim",NA,28806,35.61839,-82.64219,"Entire home/apt",105,2,0,"",NA,1,166,0,NA
21174524,"Quiet West Asheville home (private entrance)",10282980,"Chris",NA,28806,35.57763,-82.62047,"Private room",70,1,87,"2021-11-14",1.61,1,0,18,NA
36912433,"Amazing Long Range Mountain Views, Hot Tub & More!",14480896,"Birgit",NA,28704,35.47635,-82.51331,"Entire home/apt",350,3,24,"2022-03-13",0.78,2,173,12,NA
29491343,"Your Asheville Adventure Base",26002506,"Michelle",NA,28804,35.62926,-82.59892,"Entire home/apt",136,2,151,"2022-03-17",3.92,3,107,70,NA
19270494,"Sweet space with a hot tub, pool, private entrance",99486090,"John",NA,28806,35.57847,-82.62847,"Entire home/apt",175,2,123,"2022-03-13",2.17,1,72,23,NA
32465550,"Asheville Quiet Mountain Getaway close to Downtown",243900226,"Randy",NA,28805,35.63017,-82.47399,"Entire home/apt",191,2,163,"2022-03-13",4.45,1,348,53,NA
567933019816419648,"Mountain View Executive Estate w/Hot Tub",39517702,"Bell And Raul",NA,28806,35.61,-82.63386,"Entire home/apt",272,1,3,"2022-03-13",3,1,341,3,NA
45996344,"Walkable, yet peaceful in the heart of West AVL",18571912,"Dawn",NA,28806,35.58309,-82.57681,"Entire home/apt",68,2,97,"2022-03-19",6.24,1,13,77,NA
52353435,"West Asheville Getaway #2",146202451,"Nathan",NA,28806,35.57861,-82.63263,"Entire home/apt",95,2,20,"2022-01-31",3.87,2,119,20,NA
51883226,"Elevation Lofts Boutique Hotel- Unit 301",420259754,"Elevation Lofts Hotel",NA,28801,35.597107,-82.552101,"Private room",891,2,0,"",NA,5,265,0,NA
53917441,"Asheville Treetop Lookout: Studio Suite",436775375,"Andrea",NA,28806,35.52353,-82.61141,"Entire home/apt",79,1,10,"2022-03-06",3.45,4,354,10,NA
554287141833644992,"Cozy home and condo with WiFi, private washer/dryer - dogs OK",443127396,"Vacasa North Carolina",NA,28806,35.50741,-82.5978,"Entire home/apt",326,2,20,"2022-01-02",0.54,16,364,7,NA
48355314,"Charming, Renovated Charlotte St. Condo, Conviently located to downtown, Biltmore Estate, Grove Park, and the Blue Ridge Parkway",167186184,"Towns",NA,28801,35.60188,-82.54697,"Entire home/apt",145,1,40,"2022-02-13",3.27,114,177,39,NA
52436930,"10 min to Downtown, 2,400sqft w/Hot-tub & Fire-pit",15352414,"Dawon",NA,28806,35.61179,-82.592049,"Entire home/apt",293,3,27,"2022-03-16",4.63,1,146,27,NA
37283089,"ASHEVILLE: Entire Home: Relaxing Hot tub & Porch",56118410,"Amy",NA,28803,35.48735,-82.49652,"Entire home/apt",330,2,19,"2022-02-20",0.93,1,17,5,NA
29659193,"Shelly's Place- walk to Biltmore Village",26609357,"Shelly",NA,28803,35.5639,-82.54097,"Entire home/apt",131,2,145,"2022-03-14",3.61,1,291,46,NA
31194218,"Historic Urban Getaway Stroll Downtown w/ Parking",6074062,"Melissa",NA,28801,35.60325,-82.55682,"Entire home/apt",236,1,120,"2022-03-08",3.09,7,238,47,NA
8443279,"WALKING DISTANCE TO DOWNTOWN!",18376463,"Mike & Tom",NA,28801,35.61148,-82.55223,"Entire home/apt",145,2,157,"2022-03-08",2.01,1,302,58,NA
37563000,"New luxury 2 bdr/2 bath condo located in the heart of downtown Asheville",167186184,"Towns",NA,28801,35.59249,-82.5489,"Entire home/apt",261,1,44,"2021-11-12",1.43,114,239,8,NA
40269719,"Super Comfortable 1BR Apt - Backyard Forest",13976264,"Michael And Rebecca",NA,28704,35.47442,-82.49348,"Entire home/apt",130,2,63,"2022-01-02",2.45,2,355,27,NA
39461061,"Asheville Mountain Cottage/Accessible",97028753,"Anne",NA,28805,35.63771,-82.46381,"Entire home/apt",115,2,55,"2022-03-13",2,1,18,33,NA
554540295389052096,"Walkable 2 bedroom home close to everything!!!",10746689,"Irina",NA,28803,35.56102,-82.51799,"Entire home/apt",99,28,0,"",NA,2,322,0,NA
45604898,"The Farmhouse at Wolfehaven",369389855,"Mike",NA,28806,35.519108,-82.613289,"Entire home/apt",250,2,14,"2021-11-29",0.94,1,333,11,NA
47962921,"10mins to Downtown Asheville - Quiet, Private Home",198870891,"Cheryl",NA,28805,35.5905,-82.46953,"Entire home/apt",135,2,5,"2021-05-02",0.42,1,0,5,NA
39085588,"Downtown Crash Pad  üõå üõå",238769978,"Jim",NA,28801,35.58654,-82.55826,"Entire home/apt",114,1,82,"2022-03-19",9.96,1,246,82,NA
31219623,"Rustic Cabin located near Downtown Asheville",233498433,"Reese",NA,28806,35.61344,-82.61716,"Entire home/apt",300,2,67,"2022-02-13",1.83,1,354,20,NA
39549754,"Eco-Friendly Clean Spacious Suite near Town/Trails",106148889,"LuLu",NA,28804,35.63314,-82.55124,"Entire home/apt",120,2,54,"2022-03-13",1.86,1,206,20,NA
30468056,"Friendly Hollow Haven",228746607,"Anna",NA,28806,35.57873,-82.61831,"Entire home/apt",66,2,85,"2022-02-28",2.19,1,60,27,NA
33191042,"Home So Sweet! Add Cottage next door for 4 more",19333726,"Sue",NA,28704,35.47938,-82.51646,"Entire home/apt",410,3,10,"2021-10-31",0.34,2,350,4,NA
49520761,"Vintage inspired haven!",87602978,"Maggie",NA,28806,35.57624,-82.571,"Entire home/apt",70,30,2,"2021-09-08",0.26,2,31,2,NA
28942385,"‚ù§APARTMENT STYLISH/FREE BREAKFAST &AVL10MINS !",124552737,"Veronica & Ronald",NA,28806,35.58431,-82.6334,"Entire home/apt",130,1,57,"2020-02-16",1.36,1,0,0,NA
13326253,"Modern  Loft  in the center of West Asheville",1872084,"Linda And Rafael",NA,28806,35.58032,-82.5999,"Entire home/apt",134,2,223,"2022-02-21",3.21,3,73,49,NA
40756664,"The Asheville Acorn",19496141,"Stephen",NA,28803,35.54933,-82.50817,"Entire home/apt",63,1,166,"2022-03-13",6.07,2,134,90,NA
44995087,"Magnolia Cottage.  Spring is on it's way!!",363098053,"Gail",NA,28806,35.63598,-82.63773,"Entire home/apt",98,2,29,"2021-12-26",1.66,1,364,16,NA
37900889,"Barrel-Aged Beer Home - Free Keg of Local AVL Beer",109638953,"Guy",NA,28806,35.60154,-82.62568,"Entire home/apt",289,2,100,"2022-02-27",3.24,3,304,31,NA
574528050452533824,"NEW! Asheville 'Carefree Cottage' ~ 6 Mi to Town!",121681645,"Evolve",NA,28803,35.56415,-82.48505,"Entire home/apt",225,2,0,"",NA,15,49,0,NA
33069007,"Incredible Views, Luxurious,Magical,Modern ,Serene",26946813,"Anna",NA,28804,35.63318,-82.49888,"Entire home/apt",300,2,17,"2022-02-27",0.6,3,197,12,NA
7940019,"Walk to Mission Hosp 30 day minimum rental  2 bdrm",12516488,"Trish & Steph",NA,28803,35.57427,-82.53703,"Entire home/apt",66,28,4,"2020-11-18",0.05,2,208,0,NA
580942747790788736,"Jukebox Bungalow",62667,"Heather",NA,28804,35.6278,-82.58215,"Entire home/apt",120,1,0,"",NA,3,347,0,NA
45772186,"LUXURY 4800SQFT WAREHOUSE STYLE LOFT",108722228,"Jackson",NA,28801,35.59225,-82.54991,"Entire home/apt",919,1,55,"2022-02-27",3.36,2,152,38,NA
15510852,"Downtown hideaway! Walk everywhere!",46001530,"Jonathan",NA,28801,35.59228,-82.55806,"Entire home/apt",90,2,185,"2022-03-06",2.81,10,354,37,NA
53005867,"Poolside Oasis at the Sherwood",78354,"Kacey",NA,28805,35.58153,-82.54612,"Entire home/apt",300,1,0,"",NA,1,344,0,NA
31089456,"Mountain Air King size bed Nice & Quiet",232285385,"Olga",NA,28806,35.61449,-82.64973,"Private room",84,2,32,"2021-10-24",0.93,1,151,12,NA
33530871,"Private apartment on mountainside near Asheville",171131677,"Marion",NA,28732,35.48129,-82.47532,"Entire home/apt",75,3,48,"2022-01-27",1.35,1,125,27,NA
52991459,"Casa Blanca Relaxing Retreat",5308222,"Jason",NA,28804,35.63125,-82.61019,"Entire home/apt",453,2,0,"",NA,3,256,0,NA
45657700,"Asheville Log Cabin Hideaway-Minutes from Downtown",13514795,"Dan",NA,28805,35.61265,-82.52195,"Entire home/apt",190,2,92,"2022-03-19",5.23,1,120,72,NA
53753481,"Near Asheville!  1 bedroom apartment w/ lake view",387198381,"Sarah",NA,28715,35.53564,-82.65527,"Entire home/apt",120,2,0,"",NA,1,299,0,NA
49516666,"Multiple Room Rental for Groups of 4-11 People",7625694,"John",NA,28801,35.59169,-82.54953,"Private room",441,2,0,"",NA,9,215,0,NA
20624327,"Parkway Paradise -1.5 Mi Away - 6 Mi to Downtown",147439967,"Kat",NA,28805,35.60029,-82.47677,"Entire home/apt",80,3,71,"2022-02-20",1.31,1,179,19,NA
35064768,"Purple House Downtown: Suite With Private Entrance",15785799,"Elise",NA,28801,35.59191,-82.546,"Entire home/apt",149,1,106,"2022-03-06",3.17,1,273,44,NA
31318558,"New, Luxury Condo in Downtown Asheville Condotel Unit #500",167186184,"Towns",NA,28801,35.59343,-82.55714,"Entire home/apt",224,1,75,"2022-03-02",1.97,114,232,20,NA
13901952,"Historic Grove Park - Apartment #3",46228285,"Kathryn",NA,28801,35.61495,-82.54157,"Entire home/apt",75,30,17,"2019-06-28",0.25,2,248,0,NA
43636076,"Cozy Cottage Mini Suite - Heart of West Asheville",29405131,"Radha",NA,28806,35.57759,-82.5892,"Entire home/apt",80,2,82,"2021-11-28",3.81,1,0,33,NA
23546508,"Biltmore Village Bungalow -Walkable, Stylish,Local",175923012,"Two Hammers",NA,28803,35.56103,-82.53812,"Entire home/apt",110,30,14,"2022-01-04",0.32,1,136,4,NA
43525648,"Blue Wolf Lodge In-Town Secluded Hot Tub WiFi Pets",1767483,"Becky",NA,28803,35.49586,-82.50945,"Entire home/apt",235,4,36,"2022-03-17",1.75,1,296,21,NA
25679471,"Entire Guest Suite w/private entrance",188042457,"Chad",NA,28805,35.59686,-82.50294,"Private room",89,1,105,"2022-01-01",2.29,2,365,30,NA
51324322,"Biltmore Haven",128559412,"Dana",NA,28803,35.56667,-82.53188,"Entire home/apt",159,2,8,"2022-01-02",1.36,2,0,8,NA
51887083,"Spacious 1 Bedroom Retreat",5308222,"Jason",NA,28804,35.63495,-82.61172,"Entire home/apt",115,2,3,"2021-11-26",0.56,3,103,3,NA
41044083,"Paradise parkway launch pad",320665850,"Helen",NA,28803,35.5555,-82.47759,"Entire home/apt",264,1,66,"2022-02-21",2.44,1,321,21,NA
14076438,"Historic Grove Stone Cottage, EW Grove",38060048,"Margaret",NA,28805,35.58741,-82.48814,"Entire home/apt",195,2,74,"2022-03-12",1.1,1,146,12,NA
23675467,"Ammenities Galore/Goats/Close to Asheville",177298140,"Dawn And Ron",NA,28806,35.64217,-82.66047,"Entire home/apt",85,2,275,"2022-03-18",5.83,1,48,67,NA
51252799,"Amazing Town Mountain Getaway",167186184,"Towns",NA,28804,35.62499,-82.52964,"Entire home/apt",324,1,14,"2022-03-06",1.79,114,258,14,NA
46154927,"Long term rental: Hip, cute, bright + cheery home",373964980,"Sarah",NA,28804,35.61811,-82.56206,"Entire home/apt",88,30,1,"2022-01-10",0.43,1,4,1,NA
45532786,"Country Charm Nestled Minutes From Downtown",368447506,"Kayla",NA,28806,35.61673,-82.59513,"Entire home/apt",153,2,49,"2022-03-13",3.08,1,328,35,NA
3649639,"Cheerful Home In Historic Downtown Asheville",18450336,"Michele",NA,28801,35.60815,-82.56361,"Entire home/apt",96,1,495,"2022-03-02",5.32,1,239,66,NA
23562622,"Britt & Ruth's Place Monthly Rental",176072701,"The Stone Family",NA,28803,35.55986,-82.51746,"Entire home/apt",100,28,9,"2022-01-08",0.19,1,184,5,NA
35510352,"Mountain Escape~Hike and Hot Tub Resort~Loft Suite",295508816,"Michael",NA,28804,35.64026,-82.51976,"Private room",65,2,62,"2022-01-02",2.06,2,336,22,NA
2176375,"Guest House & Private Patio",11100294,"Jane",NA,28806,35.56778,-82.58778,"Entire home/apt",49,29,217,"2021-10-05",2.2,2,143,5,NA
38659759,"Bohemian Bungalow",71812166,"Heidi & Ricky",NA,28806,35.53226,-82.61758,"Entire home/apt",185,3,51,"2022-03-06",1.72,7,355,23,NA
17935396,"Retreat on Town Mountain",5522323,"Jovita",NA,28804,35.60958,-82.53791,"Entire home/apt",164,2,176,"2022-03-14",3.25,1,77,41,NA
14052114,"West Asheville Dream Bungalow Apartment",2553058,"Ron",NA,28806,35.58258,-82.60612,"Entire home/apt",149,30,51,"2021-11-29",0.75,1,129,2,NA
42464524,"West Asheville Town Home for simple living",25297230,"Robin",NA,28806,35.57676,-82.58716,"Entire home/apt",90,30,10,"2021-12-16",0.5,1,76,6,NA
47883934,"Entire House, spacious yard, close to Asheville!!",384261838,"Legacy Mountain",NA,28732,35.45559,-82.47377,"Entire home/apt",129,2,54,"2022-01-15",4.05,3,317,50,NA
52550992,"Charming Downtown Asheville 2-BR Cottage w/Patio",1786031,"Emilie",NA,28801,35.60398,-82.55066,"Entire home/apt",300,2,3,"2022-03-13",3,3,333,3,NA
7967886,"Clean Simple Modern Furnished Apartment 60 day min",31173521,"Leon And Stella",NA,28803,35.57929,-82.53833,"Entire home/apt",60,60,15,"2021-12-04",0.19,1,48,1,NA
38622883,"Private Master Bedroom Suite w/ KING Tempur-Pedic",294953027,"Daniel",NA,28806,35.59307,-82.58596,"Private room",41,1,56,"2022-03-17",7.4,2,142,56,NA
28712523,"Downtown Asheville Condo - right in the heart of things.",62303172,"Bruce",NA,28801,35.59369,-82.55755,"Entire home/apt",268,2,118,"2022-03-07",2.95,2,254,25,NA
49178262,"Welcome to Wind Horse Farm",10320568,"Mary",NA,28806,35.59021,-82.62809,"Entire home/apt",125,2,33,"2022-02-20",2.95,1,90,33,NA
18406520,"Downtown Inn Asheville, NC #10-Double",96305927,"Narendra",NA,28801,35.59299,-82.55623,"Private room",116,1,74,"2022-03-17",1.26,10,186,24,NA
13333422,"Mt Views in the heart of W. Asheville ( BELOW APT)",75476230,"Jennifer",NA,28806,35.57319,-82.57666,"Entire home/apt",120,2,137,"2022-03-08",1.97,1,350,24,NA
46004530,"""In the Treetops""  10 minutes from downtown",29325959,"Natalia",NA,28804,35.64158,-82.60298,"Entire home/apt",250,3,26,"2022-03-06",1.71,1,125,22,NA
49987126,"‚Äú828 Escape‚Äùnot just another Asheville address",403132675,"Wendy",NA,28804,35.62598,-82.52557,"Entire home/apt",202,2,17,"2022-03-12",1.86,1,225,17,NA
39365377,"Broadway Loft 220: Downtown Asheville's newest gem, upscale luxury!",96187307,"Yonder",NA,28801,35.60506,-82.55981,"Entire home/apt",223,2,11,"2021-11-07",0.64,46,83,8,NA
47949088,"Cozy and private. Just minutes to West Asheville",141786979,"Ana",NA,28806,35.57778,-82.64092,"Entire home/apt",90,2,11,"2022-01-18",1.15,1,287,11,NA
51366656,"Mountain Laurel, 10 minutes to Downtown",198187347,"Jamie & Brooke",NA,28806,35.58933,-82.62263,"Entire home/apt",148,1,22,"2022-02-27",3.13,2,342,22,NA
33217597,"Luxury Lower Duplex, Deck, Heart of Asheville",178081080,"Hana",NA,28806,35.58515,-82.56958,"Entire home/apt",166,2,133,"2022-02-21",3.79,3,42,35,NA
