"Collision.Type","Weather","Surface.Condition","Light","Driver.Substance.Abuse","Driver.At.Fault","Injury.Severity","Drivers.License.State","Vehicle.Damage.Extent","Vehicle.First.Impact.Location","Vehicle.Body.Type","Speed.Limit"
"SAME DIR REAR END","RAINING","WET","DAYLIGHT","NONE DETECTED","No","NO APPARENT INJURY","MD","FUNCTIONAL","SIX OCLOCK","PASSENGER CAR",35
"SAME DIRECTION SIDESWIPE","RAINING","WET","DAYLIGHT","NONE DETECTED","No","NO APPARENT INJURY","MD","FUNCTIONAL","ONE OCLOCK","PASSENGER CAR",40
"HEAD ON LEFT TURN","RAINING","WET","DAYLIGHT","NONE DETECTED","No","NO APPARENT INJURY","MD","FUNCTIONAL","TWELVE OCLOCK","PASSENGER CAR",35
"SAME DIRECTION LEFT TURN","RAINING","WET","DAYLIGHT","NONE DETECTED","Yes","NO APPARENT INJURY","MD","SUPERFICIAL","SEVEN OCLOCK","FIRE VEHICLE/EMERGENCY",35
"SAME DIR REAR END","RAINING","WET","DAYLIGHT","NONE DETECTED","Yes","NO APPARENT INJURY","MD","DISABLING","TWELVE OCLOCK","PASSENGER CAR",30
"HEAD ON LEFT TURN","RAINING","WET","DARK LIGHTS ON","NONE DETECTED","Yes","NO APPARENT INJURY","MD","DISABLING","ONE OCLOCK","PICKUP TRUCK",30
"OPPOSITE DIRECTION SIDESWIPE","RAINING","WET","DAYLIGHT","ALCOHOL CONTRIBUTED","Yes","SUSPECTED INJURY","MD","DISABLING","ONE OCLOCK","PASSENGER CAR",25
"SAME DIR REAR END","RAINING","WET","DUSK","NONE DETECTED","Yes","NO APPARENT INJURY","MD","DISABLING","TWELVE OCLOCK","PASSENGER CAR",40
"SINGLE VEHICLE","RAINING","WET","DUSK","NONE DETECTED","No","NO APPARENT INJURY","MD","UNKNOWN","UNDERSIDE","POLICE VEHICLE/NON EMERGENCY",55
"STRAIGHT MOVEMENT ANGLE","RAINING","WET","DARK LIGHTS ON","UNKNOWN","Yes","NO APPARENT INJURY","","UNKNOWN","UNKNOWN","UNKNOWN",35
"OTHER","RAINING","","DAYLIGHT","NONE DETECTED","Yes","NO APPARENT INJURY","MD","SUPERFICIAL","SIX OCLOCK","PASSENGER CAR",15
"SAME DIR REAR END","RAINING","WET","DARK LIGHTS ON","UNKNOWN","Yes","NO APPARENT INJURY","","DISABLING","TWELVE OCLOCK","PASSENGER CAR",35
"SAME DIR REAR END","SNOW","SLUSH","DARK LIGHTS ON","N/A","No","NO APPARENT INJURY","XX","N/A","SEVEN OCLOCK","TRUCK TRACTOR",55
"STRAIGHT MOVEMENT ANGLE","RAINING","WET","DAWN","N/A","No","NO APPARENT INJURY","WA","DISABLING","ONE OCLOCK","PASSENGER CAR",35
"SAME DIR REAR END","RAINING","WET","DAYLIGHT","NONE DETECTED","Yes","NO APPARENT INJURY","MD","FUNCTIONAL","TWELVE OCLOCK","PASSENGER CAR",40
"STRAIGHT MOVEMENT ANGLE","RAINING","WET","DUSK","NONE DETECTED","Yes","NO APPARENT INJURY","MD","DISABLING","TEN OCLOCK","PASSENGER CAR",35
"SINGLE VEHICLE","RAINING","WET","DARK LIGHTS ON","N/A","Yes","SUSPECTED INJURY","MD","DISABLING","TWELVE OCLOCK","POLICE VEHICLE/EMERGENCY",40
"OTHER","SNOW","","DARK LIGHTS ON","ALCOHOL PRESENT","Yes","NO APPARENT INJURY","MD","SUPERFICIAL","TEN OCLOCK","PASSENGER CAR",15
"OTHER","RAINING","WET","DARK NO LIGHTS","NONE DETECTED","No","NO APPARENT INJURY","MD","DISABLING","ELEVEN OCLOCK","PASSENGER CAR",45
"SAME DIR REAR END","RAINING","WET","DAYLIGHT","NONE DETECTED","No","NO APPARENT INJURY","MD","NO DAMAGE","SIX OCLOCK","TRANSIT BUS",35
"SAME DIRECTION SIDESWIPE","RAINING","WET","DARK LIGHTS ON","NONE DETECTED","Unknown","NO APPARENT INJURY","VA","SUPERFICIAL","EIGHT OCLOCK","PICKUP TRUCK",40
"SAME DIR REAR END","RAINING","WET","DAYLIGHT","NONE DETECTED","No","NO APPARENT INJURY","MD","FUNCTIONAL","SIX OCLOCK","PASSENGER CAR",30
"SINGLE VEHICLE","RAINING","WET","DAYLIGHT","NONE DETECTED","Yes","SUSPECTED INJURY","MD","FUNCTIONAL","TWELVE OCLOCK","PASSENGER CAR",25
"HEAD ON LEFT TURN","RAINING","WET","DARK LIGHTS ON","NONE DETECTED","Yes","NO APPARENT INJURY","MD","FUNCTIONAL","TWELVE OCLOCK","PASSENGER CAR",35
"SINGLE VEHICLE","RAINING","WET","DARK NO LIGHTS","ALCOHOL PRESENT","Yes","NO APPARENT INJURY","MD","DISABLING","ONE OCLOCK","PASSENGER CAR",30
"SAME DIR REAR END","RAINING","WET","DUSK","N/A","Yes","NO APPARENT INJURY","MD","DISABLING","TWELVE OCLOCK","PASSENGER CAR",40
"STRAIGHT MOVEMENT ANGLE","SNOW","SNOW","DAWN","N/A","No","NO APPARENT INJURY","MD","SUPERFICIAL","ELEVEN OCLOCK","PASSENGER CAR",25
"SAME DIRECTION SIDESWIPE","SNOW","WET","DARK LIGHTS ON","NONE DETECTED","No","NO APPARENT INJURY","MD","SUPERFICIAL","TWELVE OCLOCK","PASSENGER CAR",35
"SAME DIR REAR END","RAINING","WET","DARK LIGHTS ON","NONE DETECTED","No","NO APPARENT INJURY","MD","SUPERFICIAL","TWELVE OCLOCK","PASSENGER CAR",35
"SINGLE VEHICLE","RAINING","WET","DARK LIGHTS ON","ALCOHOL CONTRIBUTED","Yes","NO APPARENT INJURY","MD","DISABLING","TWELVE OCLOCK","PASSENGER CAR",55
"SAME DIR REAR END","RAINING","WET","DAYLIGHT","NONE DETECTED","No","NO APPARENT INJURY","MD","FUNCTIONAL","SIX OCLOCK","PASSENGER CAR",40
"SAME DIR REAR END","RAINING","WET","DAYLIGHT","NONE DETECTED","No","NO APPARENT INJURY","MD","SUPERFICIAL","SIX OCLOCK","PASSENGER CAR",35
"HEAD ON","RAINING","WET","DAYLIGHT","N/A","Yes","NO APPARENT INJURY","MD","DISABLING","TWELVE OCLOCK","PASSENGER CAR",30
"HEAD ON LEFT TURN","RAINING","WET","DAYLIGHT","NONE DETECTED","Yes","SUSPECTED INJURY","MD","DESTROYED","ONE OCLOCK","PASSENGER CAR",45
"SAME DIR REAR END","SNOW","SNOW","DARK LIGHTS ON","NONE DETECTED","Yes","NO APPARENT INJURY","MD","FUNCTIONAL","TWELVE OCLOCK","PASSENGER CAR",40
"ANGLE MEETS LEFT TURN","RAINING","WET","DARK LIGHTS ON","NONE DETECTED","No","SUSPECTED INJURY","MD","SUPERFICIAL","NINE OCLOCK","PASSENGER CAR",45
"SINGLE VEHICLE","SLEET","ICE","DAWN","NONE DETECTED","Yes","SUSPECTED INJURY","MD","FUNCTIONAL","TWO OCLOCK","PASSENGER CAR",35
"SAME DIR REAR END","RAINING","WET","DAYLIGHT","UNKNOWN","Yes","NO APPARENT INJURY","","FUNCTIONAL","TWELVE OCLOCK","(SPORT) UTILITY VEHICLE",25
"HEAD ON LEFT TURN","RAINING","WET","DAYLIGHT","NONE DETECTED","Yes","NO APPARENT INJURY","PA","SUPERFICIAL","TWELVE OCLOCK","PASSENGER CAR",5
"STRAIGHT MOVEMENT ANGLE","RAINING","WET","DARK LIGHTS ON","N/A","No","NO APPARENT INJURY","MD","FUNCTIONAL","TWELVE OCLOCK","PASSENGER CAR",25
"STRAIGHT MOVEMENT ANGLE","SNOW","SNOW","DAYLIGHT","NONE DETECTED","Yes","NO APPARENT INJURY","MD","FUNCTIONAL","ONE OCLOCK","PASSENGER CAR",25
"SAME DIR REAR END","SNOW","WET","DAYLIGHT","NONE DETECTED","No","NO APPARENT INJURY","MD","FUNCTIONAL","SIX OCLOCK","PASSENGER CAR",25
"OTHER","RAINING","","DARK LIGHTS ON","ALCOHOL PRESENT","Yes","NO APPARENT INJURY","MD","SUPERFICIAL","ONE OCLOCK","PASSENGER CAR",15
"SINGLE VEHICLE","RAINING","","DAYLIGHT","NONE DETECTED","Yes","NO APPARENT INJURY","MD","FUNCTIONAL","THREE OCLOCK","FIRE VEHICLE/NON EMERGENCY",15
"HEAD ON LEFT TURN","RAINING","WET","DARK LIGHTS ON","NONE DETECTED","Yes","NO APPARENT INJURY","AZ","DISABLING","FIVE OCLOCK","PASSENGER CAR",35
"OTHER","RAINING","WET","DAYLIGHT","N/A","Unknown","NO APPARENT INJURY","MD","SUPERFICIAL","EIGHT OCLOCK","SCHOOL BUS",30
"OTHER","RAINING","","DAYLIGHT","NONE DETECTED","Yes","NO APPARENT INJURY","MD","FUNCTIONAL","ONE OCLOCK","PASSENGER CAR",5
"SINGLE VEHICLE","RAINING","WET","DAYLIGHT","NONE DETECTED","No","NO APPARENT INJURY","MD","DESTROYED","TWO OCLOCK","PASSENGER CAR",25
"HEAD ON LEFT TURN","RAINING","WET","DAYLIGHT","ALCOHOL PRESENT","Yes","SUSPECTED INJURY","MD","DISABLING","THREE OCLOCK","PICKUP TRUCK",35
"SAME DIRECTION SIDESWIPE","RAINING","WET","DAYLIGHT","NONE DETECTED","Yes","NO APPARENT INJURY","MD","FUNCTIONAL","ONE OCLOCK","CARGO VAN/LIGHT TRUCK 2 AXLES (OVER 10,000LBS (4,536 KG))",50
"SAME DIR REAR END","RAINING","WET","DAYLIGHT","UNKNOWN","No","NO APPARENT INJURY","","SUPERFICIAL","SIX OCLOCK","",35
"SINGLE VEHICLE","RAINING","WET","DARK LIGHTS ON","NONE DETECTED","Yes","SUSPECTED INJURY","VA","DESTROYED","TWELVE OCLOCK","PASSENGER CAR",50
"ANGLE MEETS LEFT TURN","RAINING","WET","DARK NO LIGHTS","NONE DETECTED","No","NO APPARENT INJURY","MD","DISABLING","EIGHT OCLOCK","PASSENGER CAR",35
"SAME DIR REAR END","RAINING","WET","DAYLIGHT","N/A","Yes","NO APPARENT INJURY","MD","DISABLING","TWELVE OCLOCK","PASSENGER CAR",35
"SAME DIR REAR END","RAINING","WET","N/A","N/A","Yes","NO APPARENT INJURY","MD","DISABLING","SIX OCLOCK","PASSENGER CAR",40
"STRAIGHT MOVEMENT ANGLE","RAINING","WET","DAYLIGHT","NONE DETECTED","No","NO APPARENT INJURY","FL","FUNCTIONAL","THREE OCLOCK","(SPORT) UTILITY VEHICLE",30
"SAME DIR REAR END","RAINING","WET","DAYLIGHT","NONE DETECTED","No","NO APPARENT INJURY","MD","DISABLING","SIX OCLOCK","PASSENGER CAR",30
"SAME DIR REAR END","RAINING","WET","DAYLIGHT","NONE DETECTED","No","NO APPARENT INJURY","MD","FUNCTIONAL","SIX OCLOCK","(SPORT) UTILITY VEHICLE",40
"SAME DIR REAR END","SNOW","ICE","DARK LIGHTS ON","NONE DETECTED","No","NO APPARENT INJURY","MD","FUNCTIONAL","SIX OCLOCK","PASSENGER CAR",30
"SAME DIR REAR END","RAINING","WET","DARK LIGHTS ON","N/A","No","NO APPARENT INJURY","MD","FUNCTIONAL","SIX OCLOCK","PASSENGER CAR",35
"SAME DIR REAR END","RAINING","WET","DUSK","NONE DETECTED","No","NO APPARENT INJURY","VA","SUPERFICIAL","SIX OCLOCK","PASSENGER CAR",40
"STRAIGHT MOVEMENT ANGLE","RAINING","WET","DARK LIGHTS ON","NONE DETECTED","No","SUSPECTED INJURY","CA","DISABLING","ELEVEN OCLOCK","PASSENGER CAR",40
"SAME DIR REAR END","RAINING","WET","DAWN","NONE DETECTED","Yes","NO APPARENT INJURY","MD","DISABLING","TWELVE OCLOCK","PASSENGER CAR",30
"SAME DIR REAR END","RAINING","WET","DAYLIGHT","NONE DETECTED","Yes","SUSPECTED INJURY","MD","DISABLING","TWELVE OCLOCK","(SPORT) UTILITY VEHICLE",30
"SAME DIRECTION RIGHT TURN","RAINING","WET","DAYLIGHT","NONE DETECTED","Yes","NO APPARENT INJURY","MD","DESTROYED","ONE OCLOCK","PASSENGER CAR",40
"SAME DIRECTION RIGHT TURN","RAINING","WET","DAYLIGHT","NONE DETECTED","No","NO APPARENT INJURY","DC","DISABLING","ELEVEN OCLOCK","PASSENGER CAR",30
"SAME DIR REND LEFT TURN","RAINING","WET","DAWN","NONE DETECTED","Yes","SUSPECTED INJURY","MD","DISABLING","TWELVE OCLOCK","PASSENGER CAR",30
"HEAD ON","RAINING","WET","DAYLIGHT","NONE DETECTED","Yes","NO APPARENT INJURY","MD","DISABLING","TWELVE OCLOCK","SNOWMOBILE",35
"SAME DIR REAR END","RAINING","WET","DAYLIGHT","NONE DETECTED","Yes","NO APPARENT INJURY","MD","DISABLING","TWELVE OCLOCK","PASSENGER CAR",40
"SAME DIR REAR END","RAINING","OIL","DAYLIGHT","NONE DETECTED","No","NO APPARENT INJURY","MD","SUPERFICIAL","FIVE OCLOCK","SCHOOL BUS",30
"SAME DIR REAR END","RAINING","WET","DARK LIGHTS ON","N/A","No","NO APPARENT INJURY","MD","SUPERFICIAL","SIX OCLOCK","PASSENGER CAR",45
"OTHER","RAINING","WET","DAYLIGHT","N/A","No","NO APPARENT INJURY","MD","DISABLING","ELEVEN OCLOCK","PASSENGER CAR",0
"STRAIGHT MOVEMENT ANGLE","RAINING","WET","DARK LIGHTS ON","N/A","No","SUSPECTED INJURY","MD","DESTROYED","TWELVE OCLOCK","PASSENGER CAR",35
"STRAIGHT MOVEMENT ANGLE","RAINING","WET","DAYLIGHT","N/A","No","SUSPECTED INJURY","MD","DESTROYED","TWELVE OCLOCK","PASSENGER CAR",35
"STRAIGHT MOVEMENT ANGLE","RAINING","WET","DAYLIGHT","NONE DETECTED","No","NO APPARENT INJURY","MD","FUNCTIONAL","ONE OCLOCK","AMBULANCE/EMERGENCY",35
"SAME DIRECTION SIDESWIPE","RAINING","WET","DAYLIGHT","NONE DETECTED","Yes","NO APPARENT INJURY","MD","SUPERFICIAL","ELEVEN OCLOCK","PASSENGER CAR",30
"HEAD ON LEFT TURN","RAINING","WET","DAYLIGHT","NONE DETECTED","Unknown","SUSPECTED INJURY","MD","DISABLING","ONE OCLOCK","PASSENGER CAR",40
"STRAIGHT MOVEMENT ANGLE","RAINING","WET","DAYLIGHT","NONE DETECTED","Yes","NO APPARENT INJURY","MD","SUPERFICIAL","TWELVE OCLOCK","PASSENGER CAR",0
"HEAD ON LEFT TURN","RAINING","WET","DAYLIGHT","NONE DETECTED","Yes","SUSPECTED INJURY","MD","FUNCTIONAL","TWELVE OCLOCK","SCHOOL BUS",35
"HEAD ON","RAINING","WET","DAYLIGHT","NONE DETECTED","No","SUSPECTED INJURY","MD","DISABLING","TWELVE OCLOCK","PASSENGER CAR",35
"SAME DIR REAR END","RAINING","WET","DAYLIGHT","NONE DETECTED","No","NO APPARENT INJURY","MD","FUNCTIONAL","SIX OCLOCK","PASSENGER CAR",35
"STRAIGHT MOVEMENT ANGLE","RAINING","WET","DAYLIGHT","NONE DETECTED","Yes","NO APPARENT INJURY","MD","DISABLING","TWELVE OCLOCK","PASSENGER CAR",30
"SAME DIR REAR END","RAINING","WET","DAWN","NONE DETECTED","Yes","NO APPARENT INJURY","MD","DISABLING","TWELVE OCLOCK","PASSENGER CAR",40
"SAME DIR REAR END","RAINING","WET","DARK LIGHTS ON","ALCOHOL CONTRIBUTED","Yes","NO APPARENT INJURY","PA","SUPERFICIAL","TWELVE OCLOCK","PASSENGER CAR",35
"ANGLE MEETS LEFT HEAD ON","RAINING","WET","DARK LIGHTS ON","NONE DETECTED","No","NO APPARENT INJURY","MD","SUPERFICIAL","TWELVE OCLOCK","PASSENGER CAR",40
"HEAD ON LEFT TURN","RAINING","WET","DAYLIGHT","NONE DETECTED","Yes","SUSPECTED INJURY","MD","FUNCTIONAL","TWELVE OCLOCK","PASSENGER CAR",40
"SAME DIR REAR END","RAINING","WET","DAYLIGHT","NONE DETECTED","No","NO APPARENT INJURY","WV","FUNCTIONAL","SIX OCLOCK","PASSENGER CAR",40
"SINGLE VEHICLE","RAINING","WET","DARK LIGHTS ON","NONE DETECTED","Yes","NO APPARENT INJURY","MD","FUNCTIONAL","TWELVE OCLOCK","PASSENGER CAR",40
"SINGLE VEHICLE","RAINING","WET","DAYLIGHT","NONE DETECTED","Yes","NO APPARENT INJURY","MD","DISABLING","TWELVE OCLOCK","PASSENGER CAR",30
"STRAIGHT MOVEMENT ANGLE","RAINING","WET","DAYLIGHT","NONE DETECTED","Yes","SUSPECTED INJURY","MD","DISABLING","ELEVEN OCLOCK","PASSENGER CAR",30
"STRAIGHT MOVEMENT ANGLE","RAINING","WET","DAYLIGHT","NONE DETECTED","No","SUSPECTED INJURY","MD","DISABLING","TWO OCLOCK","PASSENGER CAR",35
"SAME DIR REAR END","RAINING","WET","DAYLIGHT","NONE DETECTED","Yes","NO APPARENT INJURY","MD","DISABLING","TWELVE OCLOCK","(SPORT) UTILITY VEHICLE",40
"HEAD ON LEFT TURN","RAINING","WET","DARK LIGHTS ON","UNKNOWN","Yes","NO APPARENT INJURY","","UNKNOWN","TWELVE OCLOCK","",25
"SAME DIR REAR END","SNOW","WET","DAYLIGHT","NONE DETECTED","No","NO APPARENT INJURY","MD","FUNCTIONAL","SIX OCLOCK","(SPORT) UTILITY VEHICLE",45
"SINGLE VEHICLE","RAINING","WET","OTHER","NONE DETECTED","Yes","NO APPARENT INJURY","MD","DISABLING","TWELVE OCLOCK","PASSENGER CAR",30
"SINGLE VEHICLE","RAINING","WET","DAYLIGHT","NONE DETECTED","Yes","SUSPECTED INJURY","MD","DISABLING","UNDERSIDE","PASSENGER CAR",40
"SAME DIR REAR END","RAINING","WET","DAWN","NONE DETECTED","Yes","NO APPARENT INJURY","MD","DISABLING","TWELVE OCLOCK","PASSENGER CAR",45
"SAME DIRECTION RIGHT TURN","RAINING","WET","OTHER","UNKNOWN","Yes","NO APPARENT INJURY","","FUNCTIONAL","ONE OCLOCK","PASSENGER CAR",20
"SAME DIR REAR END","RAINING","WET","DAYLIGHT","NONE DETECTED","No","NO APPARENT INJURY","MD","SUPERFICIAL","SIX OCLOCK","(SPORT) UTILITY VEHICLE",35
"OTHER","RAINING","WET","DARK LIGHTS ON","NONE DETECTED","Yes","SUSPECTED INJURY","MD","DISABLING","TWELVE OCLOCK","TRANSIT BUS",25
"SINGLE VEHICLE","RAINING","WET","DAYLIGHT","NONE DETECTED","Yes","NO APPARENT INJURY","MD","DISABLING","TWELVE OCLOCK","PASSENGER CAR",30
"HEAD ON LEFT TURN","RAINING","WET","DARK LIGHTS ON","ILLEGAL DRUG PRESENT","Yes","NO APPARENT INJURY","MD","DISABLING","TWELVE OCLOCK","PASSENGER CAR",35
"OTHER","RAINING","","DARK LIGHTS ON","N/A","Yes","NO APPARENT INJURY","MD","SUPERFICIAL","TWELVE OCLOCK","PASSENGER CAR",0
"STRAIGHT MOVEMENT ANGLE","RAINING","WET","DAYLIGHT","NONE DETECTED","Yes","NO APPARENT INJURY","MD","FUNCTIONAL","TWO OCLOCK","PASSENGER CAR",25
"SAME DIR REAR END","RAINING","WET","DUSK","NONE DETECTED","No","SUSPECTED INJURY","MD","SUPERFICIAL","SIX OCLOCK","(SPORT) UTILITY VEHICLE",25
"STRAIGHT MOVEMENT ANGLE","RAINING","WET","DARK LIGHTS ON","NONE DETECTED","Yes","SUSPECTED INJURY","MD","DISABLING","THREE OCLOCK","PASSENGER CAR",30
"SINGLE VEHICLE","RAINING","WET","DARK LIGHTS ON","NONE DETECTED","Yes","NO APPARENT INJURY","MD","FUNCTIONAL","TWELVE OCLOCK","PASSENGER CAR",55
"STRAIGHT MOVEMENT ANGLE","RAINING","WET","DAYLIGHT","N/A","No","SUSPECTED INJURY","MD","DISABLING","TWELVE OCLOCK","VAN",40
"SINGLE VEHICLE","SNOW","","DAYLIGHT","NONE DETECTED","Yes","NO APPARENT INJURY","MD","SUPERFICIAL","ONE OCLOCK","OTHER LIGHT TRUCKS (10,000LBS (4,536KG) OR LESS)",25
"HEAD ON LEFT TURN","RAINING","WET","DAYLIGHT","NONE DETECTED","Yes","SUSPECTED INJURY","MD","DISABLING","TWELVE OCLOCK","PASSENGER CAR",40
"SINGLE VEHICLE","RAINING","WET","DAYLIGHT","NONE DETECTED","Yes","NO APPARENT INJURY","MD","DISABLING","EIGHT OCLOCK","PICKUP TRUCK",25
"SAME DIR REAR END","RAINING","WET","DAYLIGHT","NONE DETECTED","No","SUSPECTED INJURY","MD","SUPERFICIAL","SIX OCLOCK","TRANSIT BUS",30
"SAME DIRECTION SIDESWIPE","RAINING","WET","DAYLIGHT","N/A","Yes","NO APPARENT INJURY","MD","FUNCTIONAL","ONE OCLOCK","PASSENGER CAR",25
"SAME DIR REAR END","RAINING","WET","DAYLIGHT","NONE DETECTED","Yes","NO APPARENT INJURY","MD","DISABLING","TWELVE OCLOCK","PASSENGER CAR",35
"SAME DIR REAR END","RAINING","WET","DAYLIGHT","NONE DETECTED","No","NO APPARENT INJURY","VA","DISABLING","SIX OCLOCK","PASSENGER CAR",30
"SAME DIRECTION SIDESWIPE","RAINING","WET","DAYLIGHT","UNKNOWN","Yes","NO APPARENT INJURY","","SUPERFICIAL","ONE OCLOCK","PASSENGER CAR",40
"OTHER","RAINING","WET","DARK LIGHTS ON","NONE DETECTED","Yes","NO APPARENT INJURY","MD","DISABLING","TWELVE OCLOCK","PASSENGER CAR",25
"SAME DIR BOTH LEFT TURN","RAINING","","DARK NO LIGHTS","NONE DETECTED","Yes","NO APPARENT INJURY","MD","FUNCTIONAL","ONE OCLOCK","PASSENGER CAR",25
"SAME DIR REAR END","RAINING","WET","DAYLIGHT","NONE DETECTED","No","NO APPARENT INJURY","MD","FUNCTIONAL","SIX OCLOCK","PASSENGER CAR",40
"STRAIGHT MOVEMENT ANGLE","RAINING","WET","DARK LIGHTS ON","NONE DETECTED","No","NO APPARENT INJURY","MD","DISABLING","TWELVE OCLOCK","PASSENGER CAR",25
"SAME DIR REAR END","RAINING","WET","DARK LIGHTS ON","NONE DETECTED","No","NO APPARENT INJURY","MD","FUNCTIONAL","SIX OCLOCK","(SPORT) UTILITY VEHICLE",35
"HEAD ON","RAINING","WET","DAYLIGHT","NONE DETECTED","No","SUSPECTED INJURY","MD","DESTROYED","TWELVE OCLOCK","PASSENGER CAR",45
"SAME DIR REAR END","RAINING","WET","DAYLIGHT","N/A","Yes","NO APPARENT INJURY","MD","SUPERFICIAL","TWELVE OCLOCK","(SPORT) UTILITY VEHICLE",50
"STRAIGHT MOVEMENT ANGLE","RAINING","WET","DARK -- UNKNOWN LIGHTING","NONE DETECTED","No","NO APPARENT INJURY","MD","DISABLING","TWELVE OCLOCK","PASSENGER CAR",40
"SINGLE VEHICLE","RAINING","WET","DARK LIGHTS ON","NONE DETECTED","Unknown","NO APPARENT INJURY","MD","DESTROYED","ROOF TOP","STATION WAGON",30
"HEAD ON LEFT TURN","SLEET","ICE","DARK LIGHTS ON","NONE DETECTED","No","SUSPECTED INJURY","MD","FUNCTIONAL","TWELVE OCLOCK","(SPORT) UTILITY VEHICLE",35
"SAME DIR REAR END","RAINING","WET","DAYLIGHT","NONE DETECTED","No","NO APPARENT INJURY","MD","SUPERFICIAL","SIX OCLOCK","PASSENGER CAR",35
"HEAD ON","RAINING","WET","DAYLIGHT","NONE DETECTED","No","NO APPARENT INJURY","MD","FUNCTIONAL","TEN OCLOCK","PASSENGER CAR",45
"SAME DIR REAR END","RAINING","WET","DARK LIGHTS ON","NONE DETECTED","Yes","NO APPARENT INJURY","MD","DISABLING","TWELVE OCLOCK","PASSENGER CAR",35
"HEAD ON LEFT TURN","RAINING","WET","DARK LIGHTS ON","NONE DETECTED","Yes","NO APPARENT INJURY","MD","DISABLING","ONE OCLOCK","PASSENGER CAR",35
"SAME DIR REAR END","RAINING","WET","DUSK","NONE DETECTED","Yes","NO APPARENT INJURY","VA","FUNCTIONAL","TWELVE OCLOCK","MEDIUM/HEAVY TRUCKS 3 AXLES (OVER 10,000LBS (4,536KG))",35
"STRAIGHT MOVEMENT ANGLE","RAINING","WET","DAYLIGHT","NONE DETECTED","No","SUSPECTED INJURY","MD","DISABLING","TWELVE OCLOCK","PASSENGER CAR",40
"HEAD ON LEFT TURN","RAINING","WET","DAYLIGHT","N/A","Yes","SUSPECTED INJURY","MD","DESTROYED","TWELVE OCLOCK","(SPORT) UTILITY VEHICLE",35
"OTHER","RAINING","WET","DARK LIGHTS ON","NONE DETECTED","Yes","NO APPARENT INJURY","MD","SUPERFICIAL","SIX OCLOCK","PASSENGER CAR",35
"SAME DIR REAR END","RAINING","WET","DARK NO LIGHTS","NONE DETECTED","Yes","NO APPARENT INJURY","MD","DISABLING","TWELVE OCLOCK","PASSENGER CAR",55
"ANGLE MEETS LEFT HEAD ON","RAINING","WET","DAYLIGHT","NONE DETECTED","Yes","NO APPARENT INJURY","MD","FUNCTIONAL","ELEVEN OCLOCK","PASSENGER CAR",25
"SINGLE VEHICLE","RAINING","WET","DAYLIGHT","NONE DETECTED","Yes","NO APPARENT INJURY","MD","FUNCTIONAL","TWELVE OCLOCK","PASSENGER CAR",25
"HEAD ON LEFT TURN","RAINING","WET","DUSK","NONE DETECTED","Yes","NO APPARENT INJURY","MD","DISABLING","ONE OCLOCK","PASSENGER CAR",45
"SAME DIR REND LEFT TURN","RAINING","WET","DAYLIGHT","NONE DETECTED","Yes","NO APPARENT INJURY","MD","DISABLING","ELEVEN OCLOCK","PASSENGER CAR",35
"STRAIGHT MOVEMENT ANGLE","RAINING","WET","DARK LIGHTS ON","NONE DETECTED","No","SUSPECTED INJURY","MD","DISABLING","TWELVE OCLOCK","(SPORT) UTILITY VEHICLE",35
"STRAIGHT MOVEMENT ANGLE","RAINING","WET","DAYLIGHT","NONE DETECTED","No","SUSPECTED INJURY","MD","FUNCTIONAL","THREE OCLOCK","PASSENGER CAR",5
"SAME DIR REAR END","RAINING","WET","DAYLIGHT","NONE DETECTED","No","NO APPARENT INJURY","MD","SUPERFICIAL","SIX OCLOCK","PASSENGER CAR",35
"SAME DIRECTION SIDESWIPE","RAINING","WET","DAYLIGHT","NONE DETECTED","No","NO APPARENT INJURY","MD","SUPERFICIAL","ELEVEN OCLOCK","PASSENGER CAR",30
"SAME DIR REND RIGHT TURN","RAINING","WET","DARK LIGHTS ON","NONE DETECTED","No","NO APPARENT INJURY","MD","FUNCTIONAL","SIX OCLOCK","PASSENGER CAR",35
"SINGLE VEHICLE","RAINING","WET","DAYLIGHT","N/A","Yes","NO APPARENT INJURY","MD","DISABLING","TEN OCLOCK","OTHER LIGHT TRUCKS (10,000LBS (4,536KG) OR LESS)",15
"STRAIGHT MOVEMENT ANGLE","RAINING","WET","DARK LIGHTS ON","NONE DETECTED","No","SUSPECTED INJURY","MD","DISABLING","TWELVE OCLOCK","PASSENGER CAR",35
"STRAIGHT MOVEMENT ANGLE","RAINING","WET","DAYLIGHT","NONE DETECTED","Yes","NO APPARENT INJURY","MD","DISABLING","TWELVE OCLOCK","PASSENGER CAR",25
"SAME DIRECTION SIDESWIPE","RAINING","WET","DAYLIGHT","NONE DETECTED","Yes","NO APPARENT INJURY","MD","SUPERFICIAL","ONE OCLOCK","PICKUP TRUCK",10
"STRAIGHT MOVEMENT ANGLE","RAINING","WET","DARK LIGHTS ON","ALCOHOL PRESENT","Yes","NO APPARENT INJURY","MD","DISABLING","TWELVE OCLOCK","PASSENGER CAR",35
"OTHER","RAINING","","DARK NO LIGHTS","NONE DETECTED","No","NO APPARENT INJURY","MD","NO DAMAGE","SIX OCLOCK","PASSENGER CAR",5
"HEAD ON LEFT TURN","RAINING","WET","DAYLIGHT","NONE DETECTED","No","SUSPECTED INJURY","MD","DISABLING","TWELVE OCLOCK","PASSENGER CAR",45
"SAME DIR REAR END","RAINING","WET","DAYLIGHT","NONE DETECTED","No","NO APPARENT INJURY","MD","SUPERFICIAL","SIX OCLOCK","PASSENGER CAR",35
"SAME DIR REAR END","RAINING","WET","DAYLIGHT","NONE DETECTED","No","SUSPECTED INJURY","MD","DISABLING","SIX OCLOCK","PICKUP TRUCK",35
"SAME DIR REAR END","SNOW","SNOW","DARK NO LIGHTS","ALCOHOL PRESENT","Yes","NO APPARENT INJURY","MD","FUNCTIONAL","TWELVE OCLOCK","PASSENGER CAR",25
"OTHER","RAINING","","DAYLIGHT","NONE DETECTED","Unknown","NO APPARENT INJURY","MD","SUPERFICIAL","ELEVEN OCLOCK","PASSENGER CAR",0
"STRAIGHT MOVEMENT ANGLE","RAINING","WET","DAYLIGHT","UNKNOWN","Yes","NO APPARENT INJURY","","UNKNOWN","ONE OCLOCK","",35
"STRAIGHT MOVEMENT ANGLE","RAINING","WET","DAYLIGHT","NONE DETECTED","No","NO APPARENT INJURY","MD","FUNCTIONAL","TWELVE OCLOCK","PASSENGER CAR",35
"SAME DIR REND RIGHT TURN","RAINING","WET","DARK LIGHTS ON","N/A","No","NO APPARENT INJURY","MD","SUPERFICIAL","ELEVEN OCLOCK","PASSENGER CAR",30
"SAME DIR REAR END","RAINING","WET","DAYLIGHT","NONE DETECTED","No","NO APPARENT INJURY","MD","FUNCTIONAL","SIX OCLOCK","PASSENGER CAR",30
"SINGLE VEHICLE","RAINING","WET","DAYLIGHT","NONE DETECTED","Yes","NO APPARENT INJURY","MD","SUPERFICIAL","SIX OCLOCK","SCHOOL BUS",35
"STRAIGHT MOVEMENT ANGLE","RAINING","WET","DAYLIGHT","NONE DETECTED","Yes","NO APPARENT INJURY","MD","DISABLING","TWELVE OCLOCK","PASSENGER CAR",35
"SINGLE VEHICLE","RAINING","WET","DAYLIGHT","NONE DETECTED","Yes","NO APPARENT INJURY","VA","DESTROYED","TWELVE OCLOCK","VAN",40
"HEAD ON","SLEET","SNOW","DARK LIGHTS ON","N/A","No","NO APPARENT INJURY","MD","SUPERFICIAL","TWELVE OCLOCK","OTHER LIGHT TRUCKS (10,000LBS (4,536KG) OR LESS)",5
"OTHER","RAINING","","DAYLIGHT","N/A","Yes","NO APPARENT INJURY","MD","SUPERFICIAL","SEVEN OCLOCK","PASSENGER CAR",15
"HEAD ON LEFT TURN","RAINING","WET","DAYLIGHT","NONE DETECTED","Yes","NO APPARENT INJURY","MD","DISABLING","TWELVE OCLOCK","(SPORT) UTILITY VEHICLE",30
"HEAD ON","RAINING","WET","DAYLIGHT","N/A","Yes","NO APPARENT INJURY","MD","FUNCTIONAL","ONE OCLOCK","PASSENGER CAR",25
"SAME DIR REAR END","RAINING","WET","DAYLIGHT","NONE DETECTED","No","NO APPARENT INJURY","MD","FUNCTIONAL","TWELVE OCLOCK","PASSENGER CAR",40
"SAME DIR REAR END","RAINING","WET","DAYLIGHT","MEDICATION CONTRIBUTED","Yes","NO APPARENT INJURY","MD","DISABLING","TWELVE OCLOCK","PASSENGER CAR",25
"SAME DIRECTION SIDESWIPE","RAINING","WET","DAYLIGHT","UNKNOWN","Yes","NO APPARENT INJURY","","FUNCTIONAL","NINE OCLOCK","VAN",35
"HEAD ON LEFT TURN","RAINING","WET","DAYLIGHT","NONE DETECTED","No","NO APPARENT INJURY","VA","FUNCTIONAL","ONE OCLOCK","CARGO VAN/LIGHT TRUCK 2 AXLES (OVER 10,000LBS (4,536 KG))",30
"SAME DIR REAR END","RAINING","WET","DUSK","NONE DETECTED","No","NO APPARENT INJURY","MD","FUNCTIONAL","SIX OCLOCK","PASSENGER CAR",25
"STRAIGHT MOVEMENT ANGLE","RAINING","WET","DUSK","NONE DETECTED","No","NO APPARENT INJURY","MD","DESTROYED","TWELVE OCLOCK","PASSENGER CAR",40
"SINGLE VEHICLE","RAINING","N/A","DAYLIGHT","NONE DETECTED","Yes","NO APPARENT INJURY","MD","DISABLING","TWELVE OCLOCK","PASSENGER CAR",50
"OTHER","RAINING","WET","DAYLIGHT","NONE DETECTED","No","NO APPARENT INJURY","MD","DISABLING","TWELVE OCLOCK","PASSENGER CAR",30
"OTHER","RAINING","WET","DARK LIGHTS ON","NONE DETECTED","Yes","NO APPARENT INJURY","MD","FUNCTIONAL","TWELVE OCLOCK","PASSENGER CAR",35
"UNKNOWN","RAINING","WET","DARK LIGHTS ON","ALCOHOL CONTRIBUTED","Yes","NO APPARENT INJURY","VA","DISABLING","TWELVE OCLOCK","PASSENGER CAR",40
"SAME DIR REAR END","RAINING","WET","DAYLIGHT","N/A","Yes","NO APPARENT INJURY","MD","NO DAMAGE","TWELVE OCLOCK","PASSENGER CAR",40
"SAME DIR REAR END","RAINING","WET","DAYLIGHT","NONE DETECTED","No","NO APPARENT INJURY","MD","SUPERFICIAL","SIX OCLOCK","PASSENGER CAR",40
"OTHER","RAINING","WET","DARK LIGHTS ON","ALCOHOL CONTRIBUTED","Yes","NO APPARENT INJURY","MD","DISABLING","ONE OCLOCK","PASSENGER CAR",25
"HEAD ON LEFT TURN","RAINING","WET","DARK LIGHTS ON","N/A","No","SUSPECTED INJURY","MD","DESTROYED","THREE OCLOCK","PASSENGER CAR",40
"STRAIGHT MOVEMENT ANGLE","RAINING","WET","DAYLIGHT","N/A","Yes","SUSPECTED INJURY","MD","DISABLING","TWELVE OCLOCK","PASSENGER CAR",35
"SAME DIRECTION SIDESWIPE","RAINING","WET","DAYLIGHT","NONE DETECTED","No","NO APPARENT INJURY","MD","SUPERFICIAL","TWO OCLOCK","PASSENGER CAR",55
"SAME DIRECTION SIDESWIPE","RAINING","","DARK LIGHTS ON","NONE DETECTED","No","NO APPARENT INJURY","VA","SUPERFICIAL","THREE OCLOCK","TRUCK TRACTOR",25
"HEAD ON","RAINING","WET","DARK LIGHTS ON","NONE DETECTED","Yes","NO APPARENT INJURY","MD","DISABLING","ONE OCLOCK","PASSENGER CAR",30
"SAME DIR REAR END","RAINING","WET","DAYLIGHT","NONE DETECTED","No","NO APPARENT INJURY","TN","SUPERFICIAL","SEVEN OCLOCK","PASSENGER CAR",25
"SAME DIR REAR END","RAINING","WET","DARK LIGHTS ON","ALCOHOL PRESENT","Yes","NO APPARENT INJURY","MD","FUNCTIONAL","TWELVE OCLOCK","PICKUP TRUCK",40
"SAME DIR REAR END","RAINING","WET","DAYLIGHT","NONE DETECTED","No","NO APPARENT INJURY","MD","FUNCTIONAL","SIX OCLOCK","PASSENGER CAR",25
"SAME DIR REAR END","RAINING","WET","DAYLIGHT","NONE DETECTED","No","NO APPARENT INJURY","MD","FUNCTIONAL","SIX OCLOCK","PASSENGER CAR",35
"STRAIGHT MOVEMENT ANGLE","RAINING","WET","DAYLIGHT","NONE DETECTED","Yes","NO APPARENT INJURY","MD","DISABLING","TWELVE OCLOCK","(SPORT) UTILITY VEHICLE",40
"STRAIGHT MOVEMENT ANGLE","SNOW","WET","DAYLIGHT","NONE DETECTED","No","NO APPARENT INJURY","MD","DISABLING","SEVEN OCLOCK","PASSENGER CAR",35
"HEAD ON","RAINING","WET","DAYLIGHT","NONE DETECTED","No","SUSPECTED INJURY","MD","DISABLING","ELEVEN OCLOCK","PASSENGER CAR",30
"SINGLE VEHICLE","RAINING","WET","DAYLIGHT","N/A","Yes","SUSPECTED INJURY","MD","DISABLING","TWELVE OCLOCK","PASSENGER CAR",40
"SAME DIR REAR END","RAINING","WET","DAYLIGHT","UNKNOWN","Yes","NO APPARENT INJURY","","UNKNOWN","TWELVE OCLOCK","STATION WAGON",40
"SAME DIR REAR END","RAINING","WET","DARK LIGHTS ON","NONE DETECTED","No","NO APPARENT INJURY","MD","DISABLING","SIX OCLOCK","PASSENGER CAR",45
"HEAD ON LEFT TURN","RAINING","WET","DAYLIGHT","NONE DETECTED","No","NO APPARENT INJURY","MD","DISABLING","EIGHT OCLOCK","PASSENGER CAR",30
"STRAIGHT MOVEMENT ANGLE","RAINING","WET","DAYLIGHT","NONE DETECTED","Yes","NO APPARENT INJURY","MD","FUNCTIONAL","TWELVE OCLOCK","PASSENGER CAR",35
"HEAD ON LEFT TURN","RAINING","WET","DARK LIGHTS ON","NONE DETECTED","No","NO APPARENT INJURY","PA","SUPERFICIAL","TWELVE OCLOCK","(SPORT) UTILITY VEHICLE",35
"STRAIGHT MOVEMENT ANGLE","RAINING","WET","DAYLIGHT","NONE DETECTED","No","NO APPARENT INJURY","MD","DISABLING","TWELVE OCLOCK","PASSENGER CAR",35
"SAME DIR REAR END","RAINING","WET","DAYLIGHT","N/A","Yes","NO APPARENT INJURY","MD","DISABLING","TWELVE OCLOCK","(SPORT) UTILITY VEHICLE",35
"SAME DIR REAR END","RAINING","WET","DAYLIGHT","NONE DETECTED","No","NO APPARENT INJURY","VA","DISABLING","SIX OCLOCK","PASSENGER CAR",45
"STRAIGHT MOVEMENT ANGLE","RAINING","WET","DAYLIGHT","NONE DETECTED","No","NO APPARENT INJURY","MD","SUPERFICIAL","TEN OCLOCK","PASSENGER CAR",35
"OTHER","RAINING","","DARK LIGHTS ON","NONE DETECTED","No","NO APPARENT INJURY","MD","SUPERFICIAL","NINE OCLOCK","PASSENGER CAR",20
"SAME DIR REAR END","RAINING","WET","DAYLIGHT","NONE DETECTED","No","NO APPARENT INJURY","MD","DESTROYED","SIX OCLOCK","PASSENGER CAR",40
"STRAIGHT MOVEMENT ANGLE","RAINING","","DAYLIGHT","NONE DETECTED","Yes","NO APPARENT INJURY","MD","FUNCTIONAL","SIX OCLOCK","PASSENGER CAR",10
"SAME DIR REAR END","RAINING","WET","DARK NO LIGHTS","NONE DETECTED","No","NO APPARENT INJURY","MD","SUPERFICIAL","SIX OCLOCK","(SPORT) UTILITY VEHICLE",50
"HEAD ON","RAINING","WET","DARK -- UNKNOWN LIGHTING","NONE DETECTED","Yes","NO APPARENT INJURY","MD","DISABLING","ELEVEN OCLOCK","PICKUP TRUCK",30
"OTHER","RAINING","WET","DAYLIGHT","N/A","No","NO APPARENT INJURY","YT","FUNCTIONAL","SEVEN OCLOCK","PICKUP TRUCK",25
"STRAIGHT MOVEMENT ANGLE","RAINING","WET","DARK LIGHTS ON","N/A","Yes","SUSPECTED INJURY","MD","DISABLING","TWELVE OCLOCK","PASSENGER CAR",20
"SAME DIR REAR END","RAINING","WET","DAYLIGHT","NONE DETECTED","No","SUSPECTED INJURY","DC","SUPERFICIAL","SIX OCLOCK","PASSENGER CAR",55
"SAME DIR REND RIGHT TURN","RAINING","WET","DAYLIGHT","NONE DETECTED","No","NO APPARENT INJURY","MD","FUNCTIONAL","TWELVE OCLOCK","PASSENGER CAR",40
"SAME DIR REAR END","RAINING","WET","DARK LIGHTS ON","N/A","Yes","NO APPARENT INJURY","MD","FUNCTIONAL","SIX OCLOCK","PASSENGER CAR",35
"SINGLE VEHICLE","RAINING","WET","DARK LIGHTS ON","N/A","Yes","NO APPARENT INJURY","MD","DISABLING","UNDERSIDE","(SPORT) UTILITY VEHICLE",40
"SINGLE VEHICLE","RAINING","WET","DARK NO LIGHTS","NONE DETECTED","Yes","NO APPARENT INJURY","DC","DISABLING","TWO OCLOCK","PASSENGER CAR",30
"HEAD ON","RAINING","WET","DAYLIGHT","NONE DETECTED","Yes","NO APPARENT INJURY","MD","DISABLING","TWELVE OCLOCK","PASSENGER CAR",25
"SAME DIR REAR END","RAINING","WET","DAYLIGHT","NONE DETECTED","Yes","NO APPARENT INJURY","MD","FUNCTIONAL","TWELVE OCLOCK","CARGO VAN/LIGHT TRUCK 2 AXLES (OVER 10,000LBS (4,536 KG))",40
"STRAIGHT MOVEMENT ANGLE","RAINING","WET","DAYLIGHT","NONE DETECTED","No","SUSPECTED INJURY","MD","DISABLING","EIGHT OCLOCK","PASSENGER CAR",25
"SAME DIR REAR END","RAINING","WET","DAYLIGHT","NONE DETECTED","No","NO APPARENT INJURY","MD","SUPERFICIAL","SIX OCLOCK","PASSENGER CAR",10
"SINGLE VEHICLE","RAINING","N/A","DARK LIGHTS ON","N/A","No","NO APPARENT INJURY","DC","DISABLING","TWELVE OCLOCK","PASSENGER CAR",35
"SAME DIRECTION SIDESWIPE","RAINING","WET","DAYLIGHT","NONE DETECTED","Yes","NO APPARENT INJURY","DC","SUPERFICIAL","TWO OCLOCK","OTHER",25
"SINGLE VEHICLE","RAINING","","DAYLIGHT","N/A","Yes","NO APPARENT INJURY","MD","FUNCTIONAL","SIX OCLOCK","POLICE VEHICLE/NON EMERGENCY",5
"SINGLE VEHICLE","RAINING","WET","DAYLIGHT","NONE DETECTED","Yes","SUSPECTED INJURY","MD","DISABLING","TEN OCLOCK","PASSENGER CAR",30
"SAME DIR REAR END","RAINING","WET","DAYLIGHT","NONE DETECTED","Yes","NO APPARENT INJURY","MD","FUNCTIONAL","TWELVE OCLOCK","(SPORT) UTILITY VEHICLE",35
"OPPOSITE DIRECTION SIDESWIPE","RAINING","WET","DAYLIGHT","NONE DETECTED","Yes","NO APPARENT INJURY","MD","DISABLING","ELEVEN OCLOCK","PASSENGER CAR",25
"SAME DIR REAR END","RAINING","","DARK LIGHTS ON","NONE DETECTED","No","NO APPARENT INJURY","MD","SUPERFICIAL","SIX OCLOCK","PASSENGER CAR",10
"STRAIGHT MOVEMENT ANGLE","RAINING","WET","DAYLIGHT","NONE DETECTED","Yes","SUSPECTED INJURY","MD","DISABLING","EIGHT OCLOCK","PASSENGER CAR",40
"SAME DIRECTION SIDESWIPE","RAINING","WET","DARK LIGHTS ON","NONE DETECTED","No","NO APPARENT INJURY","DC","FUNCTIONAL","TWO OCLOCK","OTHER",40
"SINGLE VEHICLE","RAINING","WET","DARK LIGHTS ON","NONE DETECTED","Yes","NO APPARENT INJURY","MD","FUNCTIONAL","ONE OCLOCK","VAN",40
"HEAD ON LEFT TURN","RAINING","WET","DAYLIGHT","NONE DETECTED","No","NO APPARENT INJURY","MD","FUNCTIONAL","ONE OCLOCK","PASSENGER CAR",40
"STRAIGHT MOVEMENT ANGLE","RAINING","WET","OTHER","NONE DETECTED","Yes","NO APPARENT INJURY","MD","SUPERFICIAL","NINE OCLOCK","PASSENGER CAR",30
"SAME DIR REAR END","RAINING","WET","DAYLIGHT","NONE DETECTED","No","NO APPARENT INJURY","MD","FUNCTIONAL","SIX OCLOCK","(SPORT) UTILITY VEHICLE",30
"SAME DIR REAR END","RAINING","WET","DAYLIGHT","NONE DETECTED","Yes","NO APPARENT INJURY","MD","DISABLING","TWELVE OCLOCK","PASSENGER CAR",40
"SINGLE VEHICLE","RAINING","WET","DARK LIGHTS ON","NONE DETECTED","Yes","NO APPARENT INJURY","MD","DISABLING","TWELVE OCLOCK","PASSENGER CAR",35
"SINGLE VEHICLE","RAINING","WET","DAYLIGHT","NONE DETECTED","Yes","SUSPECTED INJURY","MD","DISABLING","TWELVE OCLOCK","PASSENGER CAR",30
"STRAIGHT MOVEMENT ANGLE","RAINING","WET","DAYLIGHT","NONE DETECTED","Yes","NO APPARENT INJURY","MD","DISABLING","ELEVEN OCLOCK","PASSENGER CAR",35
"SAME DIR REAR END","RAINING","WET","DARK LIGHTS ON","NONE DETECTED","No","NO APPARENT INJURY","MD","SUPERFICIAL","SIX OCLOCK","PASSENGER CAR",55
"SINGLE VEHICLE","SNOW","SNOW","DAYLIGHT","NONE DETECTED","Yes","NO APPARENT INJURY","MD","DISABLING","FIVE OCLOCK","PICKUP TRUCK",35
"OTHER","RAINING","","DAYLIGHT","N/A","Yes","NO APPARENT INJURY","MD","SUPERFICIAL","FIVE OCLOCK","PASSENGER CAR",0
"ANGLE MEETS RIGHT TURN","SNOW","WET","DAYLIGHT","NONE DETECTED","No","NO APPARENT INJURY","SC","FUNCTIONAL","ONE OCLOCK","PASSENGER CAR",35
"SINGLE VEHICLE","RAINING","WET","DAYLIGHT","NONE DETECTED","Yes","NO APPARENT INJURY","MD","DISABLING","TWELVE OCLOCK","(SPORT) UTILITY VEHICLE",30
"SAME DIR REAR END","RAINING","WET","DAYLIGHT","N/A","Yes","SUSPECTED INJURY","MD","DISABLING","TWELVE OCLOCK","PASSENGER CAR",40
"SAME DIR REAR END","RAINING","WET","DARK LIGHTS ON","NONE DETECTED","Yes","NO APPARENT INJURY","MD","DISABLING","TWELVE OCLOCK","PASSENGER CAR",45
"OTHER","RAINING","WET","DARK LIGHTS ON","NONE DETECTED","No","SUSPECTED INJURY","VA","DISABLING","TWELVE OCLOCK","PASSENGER CAR",35
"SAME DIR REAR END","RAINING","WET","DAYLIGHT","NONE DETECTED","No","NO APPARENT INJURY","MD","FUNCTIONAL","SIX OCLOCK","PASSENGER CAR",25
"STRAIGHT MOVEMENT ANGLE","RAINING","WET","DAYLIGHT","NONE DETECTED","No","NO APPARENT INJURY","DC","DISABLING","TWELVE OCLOCK","(SPORT) UTILITY VEHICLE",40
"OTHER","RAINING","","DAYLIGHT","UNKNOWN","Yes","NO APPARENT INJURY","MD","FUNCTIONAL","FOUR OCLOCK","PASSENGER CAR",0
"SAME DIR REAR END","RAINING","WET","DAYLIGHT","NONE DETECTED","No","NO APPARENT INJURY","MD","FUNCTIONAL","TWELVE OCLOCK","PASSENGER CAR",35
"OTHER","RAINING","WET","DAYLIGHT","NONE DETECTED","No","SUSPECTED INJURY","MD","FUNCTIONAL","NINE OCLOCK","PASSENGER CAR",40
"OTHER","RAINING","WET","DARK NO LIGHTS","NONE DETECTED","Yes","SUSPECTED INJURY","MA","DESTROYED","TWELVE OCLOCK","PASSENGER CAR",55
"OTHER","RAINING","WET","DUSK","NONE DETECTED","No","NO APPARENT INJURY","CT","DISABLING","TWELVE OCLOCK","(SPORT) UTILITY VEHICLE",25
"HEAD ON LEFT TURN","RAINING","WET","DAWN","NONE DETECTED","Yes","SUSPECTED INJURY","MD","DISABLING","TWELVE OCLOCK","PASSENGER CAR",35
"OTHER","RAINING","WET","DAYLIGHT","NONE DETECTED","Yes","NO APPARENT INJURY","MD","FUNCTIONAL","FOUR OCLOCK","PASSENGER CAR",25
"SAME DIR REAR END","RAINING","WET","DAYLIGHT","NONE DETECTED","No","NO APPARENT INJURY","DC","SUPERFICIAL","SIX OCLOCK","VAN",15
"STRAIGHT MOVEMENT ANGLE","RAINING","WET","DAYLIGHT","NONE DETECTED","No","NO APPARENT INJURY","MD","SUPERFICIAL","ONE OCLOCK","PASSENGER CAR",25
"STRAIGHT MOVEMENT ANGLE","RAINING","WET","DAYLIGHT","NONE DETECTED","No","SUSPECTED INJURY","MD","SUPERFICIAL","THREE OCLOCK","PASSENGER CAR",25
"STRAIGHT MOVEMENT ANGLE","RAINING","WET","DAYLIGHT","NONE DETECTED","Yes","NO APPARENT INJURY","MD","DISABLING","TWO OCLOCK","(SPORT) UTILITY VEHICLE",25
"STRAIGHT MOVEMENT ANGLE","RAINING","WET","DAYLIGHT","N/A","No","SUSPECTED INJURY","MD","FUNCTIONAL","TEN OCLOCK","PASSENGER CAR",35
"SAME DIR REAR END","RAINING","WET","DAYLIGHT","NONE DETECTED","No","SUSPECTED INJURY","MD","SUPERFICIAL","SIX OCLOCK","PASSENGER CAR",35
"SAME DIR REAR END","RAINING","WET","N/A","NONE DETECTED","Yes","NO APPARENT INJURY","MD","DISABLING","TWELVE OCLOCK","PASSENGER CAR",30
"STRAIGHT MOVEMENT ANGLE","RAINING","WET","DARK LIGHTS ON","NONE DETECTED","No","NO APPARENT INJURY","MD","DISABLING","TWELVE OCLOCK","PASSENGER CAR",35
"SAME DIR REAR END","RAINING","WET","DAYLIGHT","N/A","No","NO APPARENT INJURY","MD","FUNCTIONAL","SIX OCLOCK","(SPORT) UTILITY VEHICLE",25
"SAME DIR REAR END","RAINING","WET","DAYLIGHT","NONE DETECTED","No","NO APPARENT INJURY","MD","SUPERFICIAL","FIVE OCLOCK","PASSENGER CAR",35
"SAME DIR REAR END","SNOW","SNOW","DAYLIGHT","NONE DETECTED","Yes","NO APPARENT INJURY","MD","FUNCTIONAL","TWELVE OCLOCK","PASSENGER CAR",25
"HEAD ON","RAINING","WET","DAYLIGHT","NONE DETECTED","Unknown","NO APPARENT INJURY","SC","SUPERFICIAL","ELEVEN OCLOCK","PASSENGER CAR",35
"SINGLE VEHICLE","SNOW","","DAYLIGHT","NONE DETECTED","Yes","NO APPARENT INJURY","DC","FUNCTIONAL","ELEVEN OCLOCK","TRANSIT BUS",0
"SAME DIR REAR END","RAINING","WET","DAYLIGHT","NONE DETECTED","Yes","NO APPARENT INJURY","MD","DISABLING","TWELVE OCLOCK","PASSENGER CAR",30
"STRAIGHT MOVEMENT ANGLE","RAINING","WET","DAYLIGHT","NONE DETECTED","No","NO APPARENT INJURY","MD","DISABLING","ELEVEN OCLOCK","PASSENGER CAR",40
"SAME DIR REAR END","RAINING","WET","DARK LIGHTS ON","NONE DETECTED","No","NO APPARENT INJURY","MD","FUNCTIONAL","SIX OCLOCK","VAN",30
"STRAIGHT MOVEMENT ANGLE","RAINING","WET","DAWN","NONE DETECTED","No","NO APPARENT INJURY","MD","FUNCTIONAL","TWELVE OCLOCK","PASSENGER CAR",15
"SINGLE VEHICLE","RAINING","WET","DARK LIGHTS ON","ALCOHOL PRESENT","Yes","NO APPARENT INJURY","XX","DISABLING","TWELVE OCLOCK","(SPORT) UTILITY VEHICLE",40
"SAME DIR REND LEFT TURN","RAINING","WET","DAYLIGHT","NONE DETECTED","Yes","NO APPARENT INJURY","MD","DISABLING","TWELVE OCLOCK","PASSENGER CAR",45
"STRAIGHT MOVEMENT ANGLE","RAINING","WET","DAYLIGHT","NONE DETECTED","Yes","NO APPARENT INJURY","MD","DISABLING","ELEVEN OCLOCK","PASSENGER CAR",35
"SAME DIR REAR END","RAINING","WET","DAYLIGHT","NONE DETECTED","No","NO APPARENT INJURY","MD","FUNCTIONAL","SIX OCLOCK","PASSENGER CAR",30
"OTHER","SNOW","","DAYLIGHT","UNKNOWN","Yes","NO APPARENT INJURY","","NO DAMAGE","SIX OCLOCK","CARGO VAN/LIGHT TRUCK 2 AXLES (OVER 10,000LBS (4,536 KG))",10
"SINGLE VEHICLE","RAINING","WET","DAYLIGHT","NONE DETECTED","Yes","SUSPECTED INJURY","MD","DESTROYED","TWELVE OCLOCK","PASSENGER CAR",35
"SINGLE VEHICLE","RAINING","","DARK NO LIGHTS","NONE DETECTED","Yes","NO APPARENT INJURY","MD","UNKNOWN","TWELVE OCLOCK","PASSENGER CAR",10
"SINGLE VEHICLE","RAINING","WET","DARK NO LIGHTS","NONE DETECTED","Yes","NO APPARENT INJURY","NY","DISABLING","TWELVE OCLOCK","PASSENGER CAR",25
"SINGLE VEHICLE","RAINING","WET","DAYLIGHT","N/A","Yes","NO APPARENT INJURY","MD","DISABLING","SIX OCLOCK","PASSENGER CAR",30
"STRAIGHT MOVEMENT ANGLE","RAINING","WET","DAYLIGHT","NONE DETECTED","Yes","NO APPARENT INJURY","MD","DISABLING","TWELVE OCLOCK","PASSENGER CAR",35
"SAME DIRECTION SIDESWIPE","RAINING","WET","DAYLIGHT","UNKNOWN","Unknown","NO APPARENT INJURY","MD","UNKNOWN","ELEVEN OCLOCK","TRANSIT BUS",35
"N/A","RAINING","WET","DAYLIGHT","UNKNOWN","Yes","NO APPARENT INJURY","","DISABLING","TWELVE OCLOCK","PASSENGER CAR",25
"STRAIGHT MOVEMENT ANGLE","RAINING","WET","DAYLIGHT","NONE DETECTED","Yes","SUSPECTED INJURY","MD","DISABLING","TWELVE OCLOCK","PASSENGER CAR",45
"HEAD ON LEFT TURN","RAINING","WET","DAYLIGHT","NONE DETECTED","Yes","NO APPARENT INJURY","MD","DISABLING","TWO OCLOCK","PASSENGER CAR",40
"SAME DIR REAR END","RAINING","WET","DAYLIGHT","NONE DETECTED","Yes","NO APPARENT INJURY","MD","DISABLING","TWELVE OCLOCK","PASSENGER CAR",30
"SAME DIR REAR END","SNOW","WET","DAYLIGHT","NONE DETECTED","No","SUSPECTED INJURY","MD","DISABLING","SIX OCLOCK","PASSENGER CAR",25
"STRAIGHT MOVEMENT ANGLE","RAINING","WET","DARK LIGHTS ON","NONE DETECTED","No","NO APPARENT INJURY","MD","FUNCTIONAL","TWELVE OCLOCK","PASSENGER CAR",40
"SINGLE VEHICLE","RAINING","","DARK LIGHTS ON","ALCOHOL CONTRIBUTED","Yes","NO APPARENT INJURY","MD","FUNCTIONAL","TWELVE OCLOCK","PASSENGER CAR",35
"SAME DIR REAR END","RAINING","WET","DAYLIGHT","NONE DETECTED","Yes","NO APPARENT INJURY","DC","DISABLING","TWELVE OCLOCK","PASSENGER CAR",35
"STRAIGHT MOVEMENT ANGLE","RAINING","WET","DAYLIGHT","NONE DETECTED","Unknown","SUSPECTED INJURY","MD","DISABLING","TWELVE OCLOCK","VAN",40
"SAME DIR REND LEFT TURN","RAINING","WET","DAYLIGHT","NONE DETECTED","Yes","NO APPARENT INJURY","MD","FUNCTIONAL","ELEVEN OCLOCK","PASSENGER CAR",35
"OTHER","RAINING","WET","DARK LIGHTS ON","N/A","Unknown","NO APPARENT INJURY","DC","FUNCTIONAL","TEN OCLOCK","PASSENGER CAR",40
"HEAD ON LEFT TURN","RAINING","","DAYLIGHT","UNKNOWN","Yes","NO APPARENT INJURY","","UNKNOWN","TWELVE OCLOCK","PASSENGER CAR",0
"SAME DIR REAR END","RAINING","WET","DAYLIGHT","NONE DETECTED","Yes","NO APPARENT INJURY","MD","DISABLING","TWELVE OCLOCK","(SPORT) UTILITY VEHICLE",45
"SINGLE VEHICLE","RAINING","WET","DARK LIGHTS ON","NONE DETECTED","Yes","NO APPARENT INJURY","MD","DISABLING","TWELVE OCLOCK","PASSENGER CAR",35
"SAME DIR REAR END","SNOW","SNOW","DAYLIGHT","NONE DETECTED","No","SUSPECTED INJURY","MD","SUPERFICIAL","SIX OCLOCK","PASSENGER CAR",25
"STRAIGHT MOVEMENT ANGLE","RAINING","WET","DARK LIGHTS ON","N/A","No","SUSPECTED INJURY","MD","DISABLING","TWELVE OCLOCK","POLICE VEHICLE/NON EMERGENCY",35
"STRAIGHT MOVEMENT ANGLE","RAINING","WET","DARK LIGHTS ON","N/A","No","NO APPARENT INJURY","MD","DESTROYED","TWELVE OCLOCK","PASSENGER CAR",35
"SAME DIR REAR END","RAINING","WET","DAYLIGHT","NONE DETECTED","Yes","NO APPARENT INJURY","MD","DISABLING","TWELVE OCLOCK","PASSENGER CAR",35
"SAME DIR REAR END","RAINING","WET","DAYLIGHT","UNKNOWN","Yes","NO APPARENT INJURY","","UNKNOWN","TWELVE OCLOCK","PASSENGER CAR",25
"SAME DIR REAR END","RAINING","WET","DAYLIGHT","NONE DETECTED","No","SUSPECTED INJURY","ME","FUNCTIONAL","SIX OCLOCK","(SPORT) UTILITY VEHICLE",45
"HEAD ON LEFT TURN","RAINING","WET","DAYLIGHT","NONE DETECTED","No","SUSPECTED INJURY","MD","DISABLING","TWELVE OCLOCK","PASSENGER CAR",40
"HEAD ON LEFT TURN","RAINING","WET","DARK LIGHTS ON","NONE DETECTED","No","NO APPARENT INJURY","MD","DISABLING","TWELVE OCLOCK","PASSENGER CAR",35
"SINGLE VEHICLE","RAINING","WET","DAYLIGHT","NONE DETECTED","Yes","SUSPECTED INJURY","MD","DESTROYED","EIGHT OCLOCK","PASSENGER CAR",35
"SAME DIRECTION SIDESWIPE","RAINING","WET","DARK LIGHTS ON","NONE DETECTED","Unknown","NO APPARENT INJURY","MD","FUNCTIONAL","TWO OCLOCK","PASSENGER CAR",55
"SAME DIR REAR END","RAINING","WET","DARK LIGHTS ON","N/A","No","NO APPARENT INJURY","MD","DISABLING","SIX OCLOCK","VAN",40
"SAME DIRECTION SIDESWIPE","RAINING","WET","DAYLIGHT","NONE DETECTED","No","NO APPARENT INJURY","MD","DISABLING","ONE OCLOCK","PASSENGER CAR",35
"SAME DIR REAR END","RAINING","N/A","DAYLIGHT","NONE DETECTED","Yes","NO APPARENT INJURY","MD","DISABLING","TWELVE OCLOCK","PASSENGER CAR",55
"SAME DIR REAR END","RAINING","WET","DARK LIGHTS ON","NONE DETECTED","No","SUSPECTED INJURY","MD","DISABLING","SIX OCLOCK","PASSENGER CAR",0
"OTHER","RAINING","WET","DARK -- UNKNOWN LIGHTING","UNKNOWN","Yes","NO APPARENT INJURY","","UNKNOWN","TWELVE OCLOCK","UNKNOWN",35
"SAME DIRECTION SIDESWIPE","RAINING","WET","DAYLIGHT","NONE DETECTED","Unknown","SUSPECTED INJURY","MD","DISABLING","TWELVE OCLOCK","PICKUP TRUCK",35
"OTHER","RAINING","WET","DAYLIGHT","NONE DETECTED","Yes","NO APPARENT INJURY","MD","FUNCTIONAL","ELEVEN OCLOCK","PASSENGER CAR",50
"SAME DIR REAR END","RAINING","WET","DAYLIGHT","NONE DETECTED","No","NO APPARENT INJURY","MD","FUNCTIONAL","SIX OCLOCK","PASSENGER CAR",40
"SAME DIRECTION SIDESWIPE","RAINING","WET","DARK LIGHTS ON","N/A","Yes","NO APPARENT INJURY","","SUPERFICIAL","TWELVE OCLOCK","PASSENGER CAR",15
"SINGLE VEHICLE","RAINING","WET","DAYLIGHT","NONE DETECTED","Yes","NO APPARENT INJURY","PA","DISABLING","TWELVE OCLOCK","PASSENGER CAR",20
"ANGLE MEETS LEFT HEAD ON","RAINING","WET","DARK LIGHTS ON","NONE DETECTED","Yes","NO APPARENT INJURY","TX","FUNCTIONAL","SEVEN OCLOCK","PASSENGER CAR",40
"SINGLE VEHICLE","RAINING","WET","DARK NO LIGHTS","N/A","Yes","NO APPARENT INJURY","MD","DISABLING","TWELVE OCLOCK","N/A",35
"STRAIGHT MOVEMENT ANGLE","RAINING","WET","DAYLIGHT","UNKNOWN","Yes","NO APPARENT INJURY","VA","SUPERFICIAL","ONE OCLOCK","PASSENGER CAR",35
"SINGLE VEHICLE","RAINING","WET","DAYLIGHT","NONE DETECTED","Yes","SUSPECTED INJURY","MD","DESTROYED","TWELVE OCLOCK","PASSENGER CAR",40
"HEAD ON LEFT TURN","RAINING","WET","DAYLIGHT","NONE DETECTED","No","NO APPARENT INJURY","MD","DISABLING","TWELVE OCLOCK","PASSENGER CAR",35
"SINGLE VEHICLE","SNOW","ICE","DARK NO LIGHTS","NONE DETECTED","Yes","SUSPECTED INJURY","CA","DESTROYED","UNDERSIDE","OTHER LIGHT TRUCKS (10,000LBS (4,536KG) OR LESS)",40
"SAME DIR REAR END","RAINING","WET","DAWN","NONE DETECTED","No","NO APPARENT INJURY","MD","FUNCTIONAL","SIX OCLOCK","TRANSIT BUS",35
"SINGLE VEHICLE","RAINING","WET","DARK LIGHTS ON","N/A","Yes","NO APPARENT INJURY","MD","DISABLING","TWO OCLOCK","POLICE VEHICLE/EMERGENCY",35
"SAME DIR REND RIGHT TURN","RAINING","WET","DAYLIGHT","NONE DETECTED","No","NO APPARENT INJURY","MD","FUNCTIONAL","SIX OCLOCK","PASSENGER CAR",35
"SAME DIR REAR END","RAINING","WET","DAYLIGHT","NONE DETECTED","No","NO APPARENT INJURY","MD","SUPERFICIAL","SIX OCLOCK","PASSENGER CAR",35
"SAME DIR REAR END","RAINING","WET","DAYLIGHT","N/A","Yes","NO APPARENT INJURY","MD","DISABLING","TWELVE OCLOCK","PASSENGER CAR",35
"STRAIGHT MOVEMENT ANGLE","RAINING","WET","DAYLIGHT","NONE DETECTED","No","NO APPARENT INJURY","MD","FUNCTIONAL","TWELVE OCLOCK","PASSENGER CAR",30
"OTHER","RAINING","WET","DAYLIGHT","NONE DETECTED","Unknown","NO APPARENT INJURY","MD","SUPERFICIAL","TWO OCLOCK","OTHER",30
"SINGLE VEHICLE","RAINING","","DAYLIGHT","NONE DETECTED","Yes","NO APPARENT INJURY","MD","SUPERFICIAL","FIVE OCLOCK","SCHOOL BUS",25
"HEAD ON LEFT TURN","RAINING","WET","DARK LIGHTS ON","NONE DETECTED","No","SUSPECTED INJURY","MD","DISABLING","ELEVEN OCLOCK","(SPORT) UTILITY VEHICLE",30
"STRAIGHT MOVEMENT ANGLE","RAINING","WET","DAYLIGHT","NONE DETECTED","No","NO APPARENT INJURY","MD","FUNCTIONAL","TWELVE OCLOCK","PASSENGER CAR",30
"SAME DIRECTION SIDESWIPE","RAINING","WET","DAYLIGHT","NONE DETECTED","Yes","NO APPARENT INJURY","MD","DISABLING","TEN OCLOCK","PASSENGER CAR",35
"SINGLE VEHICLE","RAINING","WET","DAYLIGHT","NONE DETECTED","Yes","SUSPECTED INJURY","MD","DISABLING","SEVEN OCLOCK","PASSENGER CAR",30
"STRAIGHT MOVEMENT ANGLE","RAINING","WET","DAWN","NONE DETECTED","No","NO APPARENT INJURY","MD","FUNCTIONAL","TWELVE OCLOCK","PASSENGER CAR",25
"SAME DIR REAR END","RAINING","WET","DAYLIGHT","NONE DETECTED","Yes","NO APPARENT INJURY","MD","FUNCTIONAL","TWELVE OCLOCK","PASSENGER CAR",35
"OTHER","RAINING","WET","DAYLIGHT","NONE DETECTED","Yes","NO APPARENT INJURY","MD","FUNCTIONAL","SIX OCLOCK","POLICE VEHICLE/NON EMERGENCY",25
"SAME DIR REAR END","RAINING","WET","DAYLIGHT","NONE DETECTED","No","NO APPARENT INJURY","MD","SUPERFICIAL","SIX OCLOCK","PASSENGER CAR",50
"SAME DIRECTION SIDESWIPE","RAINING","WET","DAYLIGHT","NONE DETECTED","Yes","NO APPARENT INJURY","MD","SUPERFICIAL","SEVEN OCLOCK","PASSENGER CAR",45
"STRAIGHT MOVEMENT ANGLE","RAINING","WET","DARK LIGHTS ON","NONE DETECTED","Yes","NO APPARENT INJURY","MD","DISABLING","ELEVEN OCLOCK","PASSENGER CAR",30
"SINGLE VEHICLE","RAINING","WET","DARK LIGHTS ON","NONE DETECTED","Yes","NO APPARENT INJURY","MD","DISABLING","TWELVE OCLOCK","(SPORT) UTILITY VEHICLE",40
"OTHER","RAINING","WET","DARK LIGHTS ON","NONE DETECTED","Yes","SUSPECTED INJURY","VA","SUPERFICIAL","TEN OCLOCK","(SPORT) UTILITY VEHICLE",30
"SAME DIRECTION SIDESWIPE","SNOW","WET","DAYLIGHT","NONE DETECTED","Yes","NO APPARENT INJURY","MD","SUPERFICIAL","TEN OCLOCK","OTHER LIGHT TRUCKS (10,000LBS (4,536KG) OR LESS)",30
"SAME DIR REAR END","RAINING","WET","DARK LIGHTS ON","NONE DETECTED","No","SUSPECTED INJURY","MD","FUNCTIONAL","SIX OCLOCK","PASSENGER CAR",25
"SAME DIR REAR END","SNOW","SNOW","DAYLIGHT","NONE DETECTED","Yes","NO APPARENT INJURY","MD","SUPERFICIAL","TWELVE OCLOCK","TRANSIT BUS",40
"STRAIGHT MOVEMENT ANGLE","RAINING","WET","DARK LIGHTS ON","NONE DETECTED","Yes","NO APPARENT INJURY","MD","DISABLING","TWELVE OCLOCK","PASSENGER CAR",35
"HEAD ON LEFT TURN","RAINING","WET","DAYLIGHT","NONE DETECTED","No","NO APPARENT INJURY","MD","FUNCTIONAL","TWELVE OCLOCK","PASSENGER CAR",35
"SAME DIR REND RIGHT TURN","RAINING","WET","DAYLIGHT","NONE DETECTED","Yes","NO APPARENT INJURY","MD","FUNCTIONAL","TWELVE OCLOCK","PASSENGER CAR",35
"SAME DIR REAR END","RAINING","WET","DAYLIGHT","N/A","Yes","NO APPARENT INJURY","MD","SUPERFICIAL","TWELVE OCLOCK","PASSENGER CAR",35
"SAME DIR REAR END","RAINING","WET","DAYLIGHT","NONE DETECTED","No","NO APPARENT INJURY","MD","DISABLING","SIX OCLOCK","PASSENGER CAR",35
"SAME DIR REAR END","RAINING","WET","DAYLIGHT","N/A","Yes","NO APPARENT INJURY","DC","DISABLING","TWELVE OCLOCK","PASSENGER CAR",40
"HEAD ON LEFT TURN","RAINING","WET","DAYLIGHT","NONE DETECTED","No","NO APPARENT INJURY","MD","FUNCTIONAL","ELEVEN OCLOCK","(SPORT) UTILITY VEHICLE",25
"ANGLE MEETS LEFT TURN","SNOW","WET","DAYLIGHT","NONE DETECTED","Yes","NO APPARENT INJURY","MD","FUNCTIONAL","TWELVE OCLOCK","PASSENGER CAR",30
"SAME DIR REAR END","RAINING","WET","DARK LIGHTS ON","UNKNOWN","No","NO APPARENT INJURY","MD","FUNCTIONAL","TWELVE OCLOCK","PASSENGER CAR",55
"SAME DIRECTION SIDESWIPE","RAINING","WET","DAYLIGHT","N/A","Yes","NO APPARENT INJURY","","UNKNOWN","ONE OCLOCK","PASSENGER CAR",35
"SAME DIR REAR END","RAINING","WET","DAYLIGHT","NONE DETECTED","Yes","NO APPARENT INJURY","PA","DISABLING","TWELVE OCLOCK","(SPORT) UTILITY VEHICLE",40
"HEAD ON LEFT TURN","RAINING","WET","DARK LIGHTS ON","NONE DETECTED","No","NO APPARENT INJURY","MD","DISABLING","ONE OCLOCK","OTHER LIGHT TRUCKS (10,000LBS (4,536KG) OR LESS)",35
"SINGLE VEHICLE","RAINING","WET","DAYLIGHT","NONE DETECTED","Yes","NO APPARENT INJURY","MD","DISABLING","TWELVE OCLOCK","PASSENGER CAR",25
"SINGLE VEHICLE","RAINING","WET","DAYLIGHT","NONE DETECTED","Yes","NO APPARENT INJURY","MD","DISABLING","TWELVE OCLOCK","PASSENGER CAR",20
"STRAIGHT MOVEMENT ANGLE","RAINING","WET","DAYLIGHT","NONE DETECTED","No","NO APPARENT INJURY","MD","FUNCTIONAL","TWELVE OCLOCK","PASSENGER CAR",25
"HEAD ON LEFT TURN","RAINING","WET","DARK LIGHTS ON","NONE DETECTED","No","NO APPARENT INJURY","MD","DISABLING","ELEVEN OCLOCK","PASSENGER CAR",25
"SAME DIR REAR END","RAINING","WET","DARK LIGHTS ON","NONE DETECTED","Yes","NO APPARENT INJURY","MD","FUNCTIONAL","TWELVE OCLOCK","PICKUP TRUCK",35
"HEAD ON","RAINING","WET","DAYLIGHT","N/A","No","SUSPECTED INJURY","MD","DISABLING","TWELVE OCLOCK","(SPORT) UTILITY VEHICLE",30
"STRAIGHT MOVEMENT ANGLE","RAINING","WET","DARK LIGHTS ON","NONE DETECTED","Yes","NO APPARENT INJURY","MD","DISABLING","TWELVE OCLOCK","PASSENGER CAR",35
"SAME DIR REAR END","RAINING","WET","DAYLIGHT","NONE DETECTED","No","SUSPECTED INJURY","MD","SUPERFICIAL","SIX OCLOCK","PASSENGER CAR",35
"HEAD ON","RAINING","WET","DAYLIGHT","NONE DETECTED","No","NO APPARENT INJURY","MD","SUPERFICIAL","TWELVE OCLOCK","PASSENGER CAR",35
"STRAIGHT MOVEMENT ANGLE","RAINING","","DARK LIGHTS ON","NONE DETECTED","No","NO APPARENT INJURY","MD","DISABLING","EIGHT OCLOCK","PASSENGER CAR",35
"SAME DIRECTION SIDESWIPE","RAINING","WET","DAYLIGHT","NONE DETECTED","No","NO APPARENT INJURY","MD","SUPERFICIAL","ONE OCLOCK","PASSENGER CAR",50
"OTHER","RAINING","WET","DARK NO LIGHTS","NONE DETECTED","No","NO APPARENT INJURY","MD","SUPERFICIAL","TWELVE OCLOCK","POLICE VEHICLE/EMERGENCY",40
"HEAD ON LEFT TURN","RAINING","WET","DAYLIGHT","NONE DETECTED","Yes","NO APPARENT INJURY","MD","DISABLING","ONE OCLOCK","PASSENGER CAR",35
"SAME DIRECTION SIDESWIPE","SNOW","WET","DAYLIGHT","UNKNOWN","Yes","NO APPARENT INJURY","MD","UNKNOWN","ONE OCLOCK","PASSENGER CAR",35
"OTHER","RAINING","WET","DAYLIGHT","UNKNOWN","Yes","NO APPARENT INJURY","DC","UNKNOWN","TWELVE OCLOCK","PASSENGER CAR",25
"OTHER","RAINING","","DAYLIGHT","N/A","Yes","NO APPARENT INJURY","MD","FUNCTIONAL","ELEVEN OCLOCK","PASSENGER CAR",15
"OTHER","RAINING","WET","DAYLIGHT","NONE DETECTED","No","NO APPARENT INJURY","MD","DISABLING","THREE OCLOCK","PASSENGER CAR",30
"STRAIGHT MOVEMENT ANGLE","SNOW","WET","DAYLIGHT","NONE DETECTED","No","NO APPARENT INJURY","MD","FUNCTIONAL","EIGHT OCLOCK","PICKUP TRUCK",55
"SINGLE VEHICLE","RAINING","WET","DARK LIGHTS ON","NONE DETECTED","Yes","SUSPECTED INJURY","MD","FUNCTIONAL","TWELVE OCLOCK","PASSENGER CAR",30
"SAME DIR REAR END","RAINING","WET","DARK LIGHTS ON","NONE DETECTED","Unknown","NO APPARENT INJURY","MD","DISABLING","TWELVE OCLOCK","PASSENGER CAR",35
"SAME DIR REAR END","SNOW","WET","DAYLIGHT","NONE DETECTED","Yes","NO APPARENT INJURY","MD","FUNCTIONAL","TWELVE OCLOCK","PASSENGER CAR",35
"SAME DIR REAR END","RAINING","WET","DAYLIGHT","NONE DETECTED","No","NO APPARENT INJURY","MD","DISABLING","SEVEN OCLOCK","PASSENGER CAR",30
"STRAIGHT MOVEMENT ANGLE","RAINING","WET","DARK LIGHTS ON","NONE DETECTED","No","NO APPARENT INJURY","DC","DISABLING","TEN OCLOCK","PASSENGER CAR",20
"STRAIGHT MOVEMENT ANGLE","RAINING","WET","DAYLIGHT","NONE DETECTED","Yes","NO APPARENT INJURY","MD","FUNCTIONAL","TWELVE OCLOCK","PASSENGER CAR",35
"SAME DIRECTION SIDESWIPE","RAINING","WET","DAYLIGHT","NONE DETECTED","Yes","NO APPARENT INJURY","MD","SUPERFICIAL","TWO OCLOCK","SCHOOL BUS",40
"HEAD ON","RAINING","WET","DAYLIGHT","NONE DETECTED","No","NO APPARENT INJURY","MD","DISABLING","TWELVE OCLOCK","(SPORT) UTILITY VEHICLE",40
"SAME DIR REAR END","RAINING","WET","DAYLIGHT","NONE DETECTED","No","SUSPECTED INJURY","MD","DISABLING","SIX OCLOCK","(SPORT) UTILITY VEHICLE",30
"STRAIGHT MOVEMENT ANGLE","RAINING","","DAYLIGHT","NONE DETECTED","Yes","NO APPARENT INJURY","MD","SUPERFICIAL","SIX OCLOCK","PASSENGER CAR",5
"HEAD ON LEFT TURN","RAINING","WET","DAYLIGHT","NONE DETECTED","Yes","NO APPARENT INJURY","DC","FUNCTIONAL","FIVE OCLOCK","PASSENGER CAR",50
"STRAIGHT MOVEMENT ANGLE","RAINING","WET","N/A","NONE DETECTED","No","NO APPARENT INJURY","MD","FUNCTIONAL","TWELVE OCLOCK","PASSENGER CAR",40
"SINGLE VEHICLE","RAINING","WET","DARK NO LIGHTS","ALCOHOL PRESENT","Yes","NO APPARENT INJURY","MD","DISABLING","TWELVE OCLOCK","PASSENGER CAR",35
"SAME DIR REAR END","RAINING","WET","OTHER","NONE DETECTED","No","NO APPARENT INJURY","NE","SUPERFICIAL","SIX OCLOCK","PASSENGER CAR",40
"SAME DIR REAR END","RAINING","WET","DARK LIGHTS ON","NONE DETECTED","Yes","NO APPARENT INJURY","MD","SUPERFICIAL","TWELVE OCLOCK","PASSENGER CAR",30
"HEAD ON","RAINING","WET","DARK LIGHTS ON","NONE DETECTED","Yes","NO APPARENT INJURY","MD","DISABLING","TWELVE OCLOCK","PASSENGER CAR",25
"SAME DIR REAR END","RAINING","WET","DAYLIGHT","NONE DETECTED","Yes","NO APPARENT INJURY","MD","DISABLING","TWELVE OCLOCK","VAN",35
"HEAD ON LEFT TURN","SNOW","SNOW","DAYLIGHT","NONE DETECTED","No","NO APPARENT INJURY","MD","FUNCTIONAL","TWELVE OCLOCK","PASSENGER CAR",45
"STRAIGHT MOVEMENT ANGLE","RAINING","WET","DAYLIGHT","NONE DETECTED","No","SUSPECTED INJURY","MD","DISABLING","TWELVE OCLOCK","PASSENGER CAR",35
"SAME DIR REAR END","RAINING","WET","DAWN","NONE DETECTED","Yes","NO APPARENT INJURY","MD","DISABLING","ONE OCLOCK","PASSENGER CAR",30
"HEAD ON LEFT TURN","RAINING","N/A","DAYLIGHT","NONE DETECTED","No","NO APPARENT INJURY","MD","FUNCTIONAL","TWELVE OCLOCK","PASSENGER CAR",35
"SAME DIR REAR END","RAINING","WET","DAYLIGHT","NONE DETECTED","Yes","NO APPARENT INJURY","MD","FUNCTIONAL","TWELVE OCLOCK","PASSENGER CAR",40
"SAME DIRECTION SIDESWIPE","RAINING","WET","DAYLIGHT","NONE DETECTED","No","NO APPARENT INJURY","MD","SUPERFICIAL","ONE OCLOCK","PASSENGER CAR",35
"SINGLE VEHICLE","RAINING","WET","DARK LIGHTS ON","UNKNOWN","Yes","NO APPARENT INJURY","","DISABLING","TWELVE OCLOCK","STATION WAGON",30
"SAME DIRECTION LEFT TURN","RAINING","WET","DARK LIGHTS ON","UNKNOWN","Yes","NO APPARENT INJURY","","FUNCTIONAL","NINE OCLOCK","PASSENGER CAR",55
"OTHER","RAINING","WET","DARK NO LIGHTS","UNKNOWN","Yes","NO APPARENT INJURY","","SUPERFICIAL","SEVEN OCLOCK","PASSENGER CAR",40
"SINGLE VEHICLE","RAINING","WET","DAYLIGHT","NONE DETECTED","Yes","NO APPARENT INJURY","MD","DISABLING","ONE OCLOCK","PASSENGER CAR",40
"SAME DIR REAR END","RAINING","WET","DAYLIGHT","N/A","No","NO APPARENT INJURY","MD","FUNCTIONAL","EIGHT OCLOCK","OTHER LIGHT TRUCKS (10,000LBS (4,536KG) OR LESS)",55
"STRAIGHT MOVEMENT ANGLE","RAINING","WET","DAYLIGHT","N/A","No","NO APPARENT INJURY","MD","DISABLING","ELEVEN OCLOCK","PASSENGER CAR",35
"SAME DIR REAR END","RAINING","WET","DAYLIGHT","N/A","Yes","SUSPECTED INJURY","MD","DISABLING","TWELVE OCLOCK","PASSENGER CAR",35
"STRAIGHT MOVEMENT ANGLE","SNOW","WET","DAYLIGHT","NONE DETECTED","No","SUSPECTED INJURY","MD","FUNCTIONAL","ELEVEN OCLOCK","PASSENGER CAR",25
"HEAD ON LEFT TURN","RAINING","WET","DARK LIGHTS ON","NONE DETECTED","No","NO APPARENT INJURY","MD","FUNCTIONAL","THREE OCLOCK","PASSENGER CAR",40
"SAME DIR REAR END","RAINING","WET","DUSK","N/A","No","NO APPARENT INJURY","MD","FUNCTIONAL","SIX OCLOCK","PASSENGER CAR",30
"OTHER","SNOW","SNOW","DAYLIGHT","NONE DETECTED","Yes","NO APPARENT INJURY","MD","FUNCTIONAL","ONE OCLOCK","OTHER",25
"SAME DIR REAR END","RAINING","WET","DARK LIGHTS ON","N/A","No","NO APPARENT INJURY","MD","SUPERFICIAL","SIX OCLOCK","PASSENGER CAR",0
"STRAIGHT MOVEMENT ANGLE","RAINING","WET","DAYLIGHT","NONE DETECTED","Yes","NO APPARENT INJURY","VA","DISABLING","TWELVE OCLOCK","PASSENGER CAR",35
"OTHER","SNOW","SNOW","DARK LIGHTS ON","NONE DETECTED","No","NO APPARENT INJURY","MD","FUNCTIONAL","TWELVE OCLOCK","PASSENGER CAR",25
"STRAIGHT MOVEMENT ANGLE","RAINING","WET","DARK LIGHTS ON","NONE DETECTED","No","NO APPARENT INJURY","MD","DISABLING","TWELVE OCLOCK","PASSENGER CAR",40
"HEAD ON","RAINING","WET","DAYLIGHT","NONE DETECTED","Yes","NO APPARENT INJURY","MD","DISABLING","TWELVE OCLOCK","PASSENGER CAR",40
"SAME DIR REAR END","RAINING","WET","DAYLIGHT","NONE DETECTED","No","NO APPARENT INJURY","MD","FUNCTIONAL","SIX OCLOCK","PASSENGER CAR",35
"SAME DIRECTION SIDESWIPE","RAINING","WET","DAYLIGHT","NONE DETECTED","No","NO APPARENT INJURY","MD","FUNCTIONAL","EIGHT OCLOCK","PASSENGER CAR",25
"HEAD ON LEFT TURN","RAINING","WET","DARK LIGHTS ON","NONE DETECTED","No","NO APPARENT INJURY","NY","DISABLING","TWELVE OCLOCK","PASSENGER CAR",40
"SAME DIR REAR END","RAINING","WET","DARK LIGHTS ON","NONE DETECTED","No","NO APPARENT INJURY","MD","SUPERFICIAL","SIX OCLOCK","PICKUP TRUCK",40
"STRAIGHT MOVEMENT ANGLE","RAINING","WET","DAYLIGHT","NONE DETECTED","Yes","NO APPARENT INJURY","MD","SUPERFICIAL","FOUR OCLOCK","PASSENGER CAR",30
"SAME DIRECTION LEFT TURN","RAINING","WET","DARK LIGHTS ON","NONE DETECTED","Yes","NO APPARENT INJURY","MD","DISABLING","SEVEN OCLOCK","PASSENGER CAR",35
"STRAIGHT MOVEMENT ANGLE","RAINING","WET","DARK LIGHTS ON","N/A","No","NO APPARENT INJURY","MD","DISABLING","FOUR OCLOCK","PASSENGER CAR",35
"HEAD ON LEFT TURN","SNOW","SNOW","DAYLIGHT","NONE DETECTED","Yes","SUSPECTED INJURY","MD","DISABLING","THREE OCLOCK","PASSENGER CAR",35
"SAME DIR REAR END","RAINING","WET","DARK LIGHTS ON","NONE DETECTED","Yes","NO APPARENT INJURY","MD","DISABLING","TWELVE OCLOCK","PASSENGER CAR",45
"SAME DIR REAR END","RAINING","WET","DARK LIGHTS ON","N/A","Yes","NO APPARENT INJURY","MD","SUPERFICIAL","TWELVE OCLOCK","PICKUP TRUCK",30
"SAME DIR REAR END","RAINING","N/A","DAYLIGHT","N/A","No","NO APPARENT INJURY","MD","DISABLING","SIX OCLOCK","PASSENGER CAR",35
"SAME DIRECTION SIDESWIPE","RAINING","WET","DAYLIGHT","N/A","Yes","NO APPARENT INJURY","MD","SUPERFICIAL","FIVE OCLOCK","PICKUP TRUCK",35
"SAME DIR REAR END","RAINING","WET","DAYLIGHT","NONE DETECTED","No","NO APPARENT INJURY","MD","SUPERFICIAL","SIX OCLOCK","(SPORT) UTILITY VEHICLE",45
"ANGLE MEETS RIGHT TURN","SNOW","SNOW","DAYLIGHT","NONE DETECTED","Yes","NO APPARENT INJURY","MD","DISABLING","ELEVEN OCLOCK","PASSENGER CAR",0
"STRAIGHT MOVEMENT ANGLE","RAINING","WET","DAYLIGHT","NONE DETECTED","No","SUSPECTED INJURY","MD","DISABLING","ONE OCLOCK","PASSENGER CAR",35
"OTHER","RAINING","WET","DARK NO LIGHTS","N/A","Yes","NO APPARENT INJURY","","SUPERFICIAL","UNKNOWN","PICKUP TRUCK",30
"SAME DIR REAR END","RAINING","WET","DAYLIGHT","NONE DETECTED","No","NO APPARENT INJURY","MD","SUPERFICIAL","SIX OCLOCK","SCHOOL BUS",40
"SAME DIR REAR END","RAINING","WET","DAYLIGHT","NONE DETECTED","No","SUSPECTED INJURY","MD","FUNCTIONAL","SIX OCLOCK","PASSENGER CAR",55
"OTHER","RAINING","WET","DARK LIGHTS ON","UNKNOWN","Yes","NO APPARENT INJURY","","DISABLING","TWELVE OCLOCK","(SPORT) UTILITY VEHICLE",35
"SAME DIR REAR END","RAINING","WET","DAYLIGHT","UNKNOWN","Yes","NO APPARENT INJURY","VA","UNKNOWN","TWELVE OCLOCK","PASSENGER CAR",45
"SAME DIRECTION RIGHT TURN","RAINING","WET","DARK LIGHTS ON","N/A","No","NO APPARENT INJURY","MD","FUNCTIONAL","TWELVE OCLOCK","PASSENGER CAR",40
"HEAD ON","RAINING","WET","DAWN","NONE DETECTED","No","NO APPARENT INJURY","MD","DISABLING","NINE OCLOCK","PICKUP TRUCK",40
"SINGLE VEHICLE","RAINING","","DARK LIGHTS ON","ALCOHOL PRESENT","Yes","SUSPECTED INJURY","MD","FUNCTIONAL","TEN OCLOCK","PASSENGER CAR",0
"SAME DIR REAR END","RAINING","WET","DARK LIGHTS ON","NONE DETECTED","Yes","NO APPARENT INJURY","MD","DISABLING","TWELVE OCLOCK","PASSENGER CAR",35
"STRAIGHT MOVEMENT ANGLE","RAINING","WET","DAYLIGHT","NONE DETECTED","Yes","NO APPARENT INJURY","MD","SUPERFICIAL","TWELVE OCLOCK","PASSENGER CAR",45
"SAME DIRECTION RIGHT TURN","RAINING","WET","DAYLIGHT","NONE DETECTED","No","SUSPECTED INJURY","MD","FUNCTIONAL","TWELVE OCLOCK","POLICE VEHICLE/NON EMERGENCY",45
"HEAD ON LEFT TURN","RAINING","WET","DARK LIGHTS ON","NONE DETECTED","Yes","SUSPECTED INJURY","MD","FUNCTIONAL","TWELVE OCLOCK","PASSENGER CAR",35
"OTHER","RAINING","WET","DAYLIGHT","NONE DETECTED","Yes","SUSPECTED INJURY","CT","DISABLING","TWELVE OCLOCK","PASSENGER CAR",25
"SAME DIR REAR END","RAINING","WET","DARK LIGHTS ON","NONE DETECTED","No","NO APPARENT INJURY","MD","SUPERFICIAL","SIX OCLOCK","PICKUP TRUCK",40
"HEAD ON LEFT TURN","RAINING","WET","DAYLIGHT","N/A","Yes","NO APPARENT INJURY","MD","DISABLING","THREE OCLOCK","PASSENGER CAR",35
"SAME DIR REAR END","RAINING","WET","DARK LIGHTS ON","NONE DETECTED","Unknown","NO APPARENT INJURY","VA","SUPERFICIAL","FIVE OCLOCK","PASSENGER CAR",35
"SAME DIRECTION RIGHT TURN","RAINING","WET","DAYLIGHT","NONE DETECTED","Yes","NO APPARENT INJURY","MD","SUPERFICIAL","FIVE OCLOCK","LIMOUSINE",40
"ANGLE MEETS LEFT HEAD ON","RAINING","WET","DAYLIGHT","NONE DETECTED","Yes","NO APPARENT INJURY","MD","DISABLING","ELEVEN OCLOCK","PASSENGER CAR",35
"SAME DIRECTION SIDESWIPE","RAINING","WET","DAYLIGHT","NONE DETECTED","Yes","NO APPARENT INJURY","MD","NO DAMAGE","FOUR OCLOCK","PICKUP TRUCK",45
"SINGLE VEHICLE","RAINING","WET","DARK LIGHTS ON","NONE DETECTED","Yes","SUSPECTED INJURY","MD","FUNCTIONAL","TWELVE OCLOCK","(SPORT) UTILITY VEHICLE",30
"SAME DIR REAR END","RAINING","WET","DAYLIGHT","NONE DETECTED","No","NO APPARENT INJURY","MD","FUNCTIONAL","SIX OCLOCK","(SPORT) UTILITY VEHICLE",35
"HEAD ON","SNOW","SNOW","DARK LIGHTS ON","N/A","No","NO APPARENT INJURY","MD","DISABLING","TWELVE OCLOCK","CARGO VAN/LIGHT TRUCK 2 AXLES (OVER 10,000LBS (4,536 KG))",40
"SAME DIRECTION SIDESWIPE","RAINING","WET","DAYLIGHT","NONE DETECTED","No","NO APPARENT INJURY","MD","FUNCTIONAL","TWELVE OCLOCK","VAN",55
"SAME DIR REAR END","RAINING","WET","DAYLIGHT","NONE DETECTED","No","NO APPARENT INJURY","MD","DISABLING","TWELVE OCLOCK","PASSENGER CAR",40
"SAME DIRECTION SIDESWIPE","RAINING","WET","DAYLIGHT","NONE DETECTED","No","NO APPARENT INJURY","DC","FUNCTIONAL","TEN OCLOCK","PASSENGER CAR",25
"SAME DIR REAR END","RAINING","WET","DAYLIGHT","N/A","No","NO APPARENT INJURY","DC","FUNCTIONAL","SIX OCLOCK","PASSENGER CAR",35
"SINGLE VEHICLE","RAINING","WET","DARK LIGHTS ON","NONE DETECTED","Yes","NO APPARENT INJURY","MD","DISABLING","ELEVEN OCLOCK","VAN",35
"HEAD ON LEFT TURN","RAINING","WET","DARK LIGHTS ON","NONE DETECTED","No","NO APPARENT INJURY","MD","FUNCTIONAL","TWELVE OCLOCK","PASSENGER CAR",0
"SAME DIRECTION SIDESWIPE","RAINING","WET","DAYLIGHT","N/A","Yes","NO APPARENT INJURY","MD","SUPERFICIAL","THREE OCLOCK","SCHOOL BUS",35
"SAME DIRECTION SIDESWIPE","RAINING","WET","DAYLIGHT","NONE DETECTED","No","SUSPECTED INJURY","MD","DISABLING","TWELVE OCLOCK","PASSENGER CAR",35
"SINGLE VEHICLE","RAINING","WET","DARK LIGHTS ON","NONE DETECTED","Yes","NO APPARENT INJURY","MD","DISABLING","TWELVE OCLOCK","PASSENGER CAR",55
"OPPOSITE DIRECTION SIDESWIPE","RAINING","WET","DAYLIGHT","NONE DETECTED","Yes","SUSPECTED INJURY","MD","FUNCTIONAL","TWELVE OCLOCK","PASSENGER CAR",50
"HEAD ON LEFT TURN","RAINING","WET","DAYLIGHT","NONE DETECTED","Yes","SUSPECTED INJURY","MD","DISABLING","FOUR OCLOCK","PASSENGER CAR",40
"STRAIGHT MOVEMENT ANGLE","RAINING","WET","DAYLIGHT","NONE DETECTED","No","NO APPARENT INJURY","MD","DISABLING","SIX OCLOCK","PASSENGER CAR",35
"SAME DIRECTION RIGHT TURN","RAINING","WET","DAYLIGHT","NONE DETECTED","Yes","NO APPARENT INJURY","MD","SUPERFICIAL","THREE OCLOCK","TRANSIT BUS",25
"HEAD ON","RAINING","WET","DAYLIGHT","NONE DETECTED","Yes","SUSPECTED INJURY","MD","FUNCTIONAL","TWELVE OCLOCK","VAN",35
"STRAIGHT MOVEMENT ANGLE","RAINING","WET","DAYLIGHT","NONE DETECTED","Yes","NO APPARENT INJURY","MD","SUPERFICIAL","TWELVE OCLOCK","PASSENGER CAR",25
"SAME DIR REND LEFT TURN","RAINING","WET","DARK LIGHTS ON","NONE DETECTED","Yes","NO APPARENT INJURY","MD","SUPERFICIAL","SIX OCLOCK","OTHER LIGHT TRUCKS (10,000LBS (4,536KG) OR LESS)",35
"STRAIGHT MOVEMENT ANGLE","RAINING","","DAYLIGHT","ALCOHOL CONTRIBUTED","Yes","NO APPARENT INJURY","MD","FUNCTIONAL","SIX OCLOCK","PASSENGER CAR",5
"ANGLE MEETS LEFT TURN","RAINING","WET","DAYLIGHT","NONE DETECTED","No","NO APPARENT INJURY","MD","DISABLING","TWELVE OCLOCK","PASSENGER CAR",40
"HEAD ON LEFT TURN","RAINING","WET","DARK LIGHTS ON","NONE DETECTED","Yes","SUSPECTED INJURY","MD","DISABLING","TWELVE OCLOCK","PASSENGER CAR",30
"STRAIGHT MOVEMENT ANGLE","RAINING","WET","DAYLIGHT","NONE DETECTED","No","NO APPARENT INJURY","MD","DISABLING","EIGHT OCLOCK","PASSENGER CAR",30
"SAME DIR REAR END","RAINING","WET","DAYLIGHT","NONE DETECTED","No","NO APPARENT INJURY","MD","FUNCTIONAL","SIX OCLOCK","PASSENGER CAR",40
"SAME DIR REAR END","RAINING","WET","DAYLIGHT","N/A","Yes","NO APPARENT INJURY","FL","FUNCTIONAL","TWELVE OCLOCK","PASSENGER CAR",25
"OPPOSITE DIRECTION SIDESWIPE","RAINING","WET","DAWN","NONE DETECTED","Unknown","NO APPARENT INJURY","MD","SUPERFICIAL","TEN OCLOCK","OTHER BUS",25
"SAME DIR REAR END","RAINING","WET","DAYLIGHT","NONE DETECTED","No","NO APPARENT INJURY","MD","FUNCTIONAL","SIX OCLOCK","TRANSIT BUS",35
"STRAIGHT MOVEMENT ANGLE","RAINING","WET","DAYLIGHT","NONE DETECTED","No","SUSPECTED INJURY","VA","DISABLING","TWELVE OCLOCK","PASSENGER CAR",30
"HEAD ON LEFT TURN","RAINING","WET","DAYLIGHT","NONE DETECTED","Yes","NO APPARENT INJURY","MD","DESTROYED","TWELVE OCLOCK","VAN",35
"HEAD ON LEFT TURN","RAINING","WET","DAYLIGHT","NONE DETECTED","No","NO APPARENT INJURY","MD","DISABLING","TWELVE OCLOCK","PASSENGER CAR",35
"SINGLE VEHICLE","RAINING","WET","DARK LIGHTS ON","NONE DETECTED","Yes","NO APPARENT INJURY","MD","DISABLING","TWELVE OCLOCK","PASSENGER CAR",35
"HEAD ON LEFT TURN","SNOW","SNOW","DAYLIGHT","N/A","Yes","NO APPARENT INJURY","MD","FUNCTIONAL","FIVE OCLOCK","PASSENGER CAR",45
"STRAIGHT MOVEMENT ANGLE","RAINING","WET","DAYLIGHT","N/A","No","NO APPARENT INJURY","MD","SUPERFICIAL","TEN OCLOCK","TRUCK TRACTOR",35
"SAME DIRECTION SIDESWIPE","RAINING","WET","DARK NO LIGHTS","N/A","Yes","NO APPARENT INJURY","MD","N/A","ELEVEN OCLOCK","PASSENGER CAR",40
"OTHER","RAINING","","DAYLIGHT","NONE DETECTED","Yes","NO APPARENT INJURY","MD","SUPERFICIAL","SIX OCLOCK","PASSENGER CAR",0
"SAME DIR REAR END","RAINING","WET","DAYLIGHT","NONE DETECTED","Yes","NO APPARENT INJURY","MD","FUNCTIONAL","TWELVE OCLOCK","PASSENGER CAR",30
"STRAIGHT MOVEMENT ANGLE","RAINING","WET","DARK LIGHTS ON","ALCOHOL PRESENT","Yes","NO APPARENT INJURY","MD","DISABLING","ELEVEN OCLOCK","PASSENGER CAR",30
"SAME DIRECTION SIDESWIPE","RAINING","WET","DAYLIGHT","N/A","No","NO APPARENT INJURY","MD","DISABLING","ONE OCLOCK","PASSENGER CAR",35
"SAME DIRECTION SIDESWIPE","RAINING","WET","DAYLIGHT","NONE DETECTED","No","NO APPARENT INJURY","DC","DISABLING","ELEVEN OCLOCK","(SPORT) UTILITY VEHICLE",30
"OTHER","SNOW","SLUSH","DAYLIGHT","NONE DETECTED","Yes","NO APPARENT INJURY","MD","FUNCTIONAL","SIX OCLOCK","PASSENGER CAR",25
"OTHER","RAINING","WET","DAWN","NONE DETECTED","Yes","NO APPARENT INJURY","MD","NO DAMAGE","ONE OCLOCK","PASSENGER CAR",35
"SAME DIRECTION SIDESWIPE","SNOW","SNOW","DARK LIGHTS ON","NONE DETECTED","No","NO APPARENT INJURY","MD","NO DAMAGE","FOUR OCLOCK","TRANSIT BUS",45
"STRAIGHT MOVEMENT ANGLE","RAINING","WET","DARK LIGHTS ON","N/A","Yes","NO APPARENT INJURY","VA","FUNCTIONAL","NINE OCLOCK","PASSENGER CAR",35
"SAME DIR REAR END","RAINING","WET","DARK LIGHTS ON","NONE DETECTED","No","NO APPARENT INJURY","MD","FUNCTIONAL","SIX OCLOCK","PASSENGER CAR",40
"SAME DIR REAR END","RAINING","WET","DARK LIGHTS ON","NONE DETECTED","Yes","NO APPARENT INJURY","MD","DISABLING","TWELVE OCLOCK","PASSENGER CAR",30
"STRAIGHT MOVEMENT ANGLE","RAINING","WET","DARK LIGHTS ON","N/A","Yes","SUSPECTED INJURY","MD","DISABLING","THREE OCLOCK","PASSENGER CAR",40
"SINGLE VEHICLE","RAINING","WET","DARK NO LIGHTS","NONE DETECTED","No","NO APPARENT INJURY","MD","DESTROYED","ROOF TOP","(SPORT) UTILITY VEHICLE",40
"ANGLE MEETS LEFT TURN","RAINING","WET","DAYLIGHT","N/A","No","NO APPARENT INJURY","MD","DISABLING","TEN OCLOCK","(SPORT) UTILITY VEHICLE",30
"SAME DIR REAR END","RAINING","WET","DAYLIGHT","N/A","No","NO APPARENT INJURY","MD","FUNCTIONAL","SIX OCLOCK","PASSENGER CAR",55
"STRAIGHT MOVEMENT ANGLE","RAINING","WET","DARK -- UNKNOWN LIGHTING","NONE DETECTED","Unknown","SUSPECTED INJURY","MD","DESTROYED","TWELVE OCLOCK","PASSENGER CAR",35
"SAME DIR REND LEFT TURN","RAINING","WET","DAYLIGHT","NONE DETECTED","Yes","NO APPARENT INJURY","MD","DISABLING","TWELVE OCLOCK","PASSENGER CAR",40
"SINGLE VEHICLE","RAINING","","DARK LIGHTS ON","N/A","Yes","NO APPARENT INJURY","","SUPERFICIAL","SIX OCLOCK","PASSENGER CAR",15
"SAME DIR REAR END","RAINING","WET","DARK LIGHTS ON","N/A","No","NO APPARENT INJURY","MD","FUNCTIONAL","ONE OCLOCK","PASSENGER CAR",45
"SAME DIR REND LEFT TURN","RAINING","WET","DARK LIGHTS ON","N/A","Yes","SUSPECTED INJURY","MD","DISABLING","TWELVE OCLOCK","PASSENGER CAR",15
"SAME DIR REAR END","RAINING","WET","DAYLIGHT","NONE DETECTED","Yes","NO APPARENT INJURY","MD","SUPERFICIAL","TWELVE OCLOCK","POLICE VEHICLE/NON EMERGENCY",55
"SINGLE VEHICLE","RAINING","WET","DARK LIGHTS ON","NONE DETECTED","Yes","NO APPARENT INJURY","MD","DISABLING","TWELVE OCLOCK","PASSENGER CAR",25
"HEAD ON LEFT TURN","RAINING","WET","DAYLIGHT","NONE DETECTED","Yes","NO APPARENT INJURY","MD","DISABLING","TWELVE OCLOCK","PASSENGER CAR",35
"SAME DIRECTION SIDESWIPE","RAINING","WET","DARK LIGHTS ON","NONE DETECTED","No","NO APPARENT INJURY","MD","SUPERFICIAL","FOUR OCLOCK","POLICE VEHICLE/EMERGENCY",35
"STRAIGHT MOVEMENT ANGLE","RAINING","WET","DARK LIGHTS ON","N/A","Yes","NO APPARENT INJURY","NY","FUNCTIONAL","THREE OCLOCK","OTHER BUS",40
"HEAD ON LEFT TURN","RAINING","WET","DARK LIGHTS ON","NONE DETECTED","Yes","NO APPARENT INJURY","MD","DISABLING","TWELVE OCLOCK","PASSENGER CAR",35
"SAME DIRECTION SIDESWIPE","RAINING","WET","DAYLIGHT","NONE DETECTED","No","NO APPARENT INJURY","MD","FUNCTIONAL","ONE OCLOCK","PASSENGER CAR",45
"SINGLE VEHICLE","RAINING","WET","DAYLIGHT","N/A","Yes","NO APPARENT INJURY","MD","FUNCTIONAL","ELEVEN OCLOCK","PASSENGER CAR",40
"SAME DIR REAR END","RAINING","WET","DAYLIGHT","N/A","Yes","NO APPARENT INJURY","MD","SUPERFICIAL","TWELVE OCLOCK","VAN",45
"SINGLE VEHICLE","RAINING","WET","DAYLIGHT","NONE DETECTED","Yes","NO APPARENT INJURY","MD","DISABLING","TWELVE OCLOCK","(SPORT) UTILITY VEHICLE",30
"STRAIGHT MOVEMENT ANGLE","SLEET","ICE","DAYLIGHT","NONE DETECTED","Yes","NO APPARENT INJURY","MD","SUPERFICIAL","NINE OCLOCK","TRANSIT BUS",25
"SAME DIRECTION LEFT TURN","RAINING","WET","DUSK","NONE DETECTED","Yes","SUSPECTED INJURY","MD","DISABLING","TEN OCLOCK","PASSENGER CAR",30
"SAME DIR REAR END","RAINING","WET","DAYLIGHT","N/A","Yes","NO APPARENT INJURY","MD","DISABLING","TWELVE OCLOCK","PASSENGER CAR",40
"HEAD ON LEFT TURN","RAINING","WET","DAYLIGHT","NONE DETECTED","No","SUSPECTED INJURY","MD","DISABLING","TEN OCLOCK","PASSENGER CAR",35
"SAME DIRECTION SIDESWIPE","RAINING","WET","DAYLIGHT","NONE DETECTED","No","NO APPARENT INJURY","MD","SUPERFICIAL","FOUR OCLOCK","PASSENGER CAR",35
"SAME DIR REAR END","RAINING","WET","DAYLIGHT","NONE DETECTED","Yes","NO APPARENT INJURY","MD","SUPERFICIAL","TWELVE OCLOCK","PASSENGER CAR",45
"SINGLE VEHICLE","RAINING","","DARK LIGHTS ON","NONE DETECTED","Yes","SUSPECTED INJURY","MD","DISABLING","TWELVE OCLOCK","PASSENGER CAR",0
"OPPOSITE DIRECTION SIDESWIPE","RAINING","WET","DARK NO LIGHTS","NONE DETECTED","Yes","NO APPARENT INJURY","MD","SUPERFICIAL","TEN OCLOCK","PASSENGER CAR",25
"SAME DIR REAR END","RAINING","WET","DAYLIGHT","NONE DETECTED","No","SUSPECTED INJURY","MD","SUPERFICIAL","SIX OCLOCK","(SPORT) UTILITY VEHICLE",55
"SAME DIR REAR END","RAINING","WET","DARK LIGHTS ON","NONE DETECTED","No","NO APPARENT INJURY","MD","FUNCTIONAL","SIX OCLOCK","CARGO VAN/LIGHT TRUCK 2 AXLES (OVER 10,000LBS (4,536 KG))",45
"SAME DIRECTION SIDESWIPE","SNOW","SNOW","DAYLIGHT","NONE DETECTED","No","NO APPARENT INJURY","MD","SUPERFICIAL","SEVEN OCLOCK","SCHOOL BUS",35
"SINGLE VEHICLE","RAINING","WET","DARK NO LIGHTS","NONE DETECTED","Yes","NO APPARENT INJURY","MD","FUNCTIONAL","TWELVE OCLOCK","PASSENGER CAR",55
"SINGLE VEHICLE","RAINING","WET","DAYLIGHT","N/A","Yes","NO APPARENT INJURY","XX","FUNCTIONAL","TWELVE OCLOCK","PASSENGER CAR",40
"SAME DIR REAR END","RAINING","WET","DAYLIGHT","NONE DETECTED","Yes","SUSPECTED INJURY","MD","DISABLING","TWELVE OCLOCK","PASSENGER CAR",35
"SAME DIRECTION LEFT TURN","RAINING","WET","DARK LIGHTS ON","NONE DETECTED","Yes","NO APPARENT INJURY","MD","DISABLING","TEN OCLOCK","PASSENGER CAR",35
"SAME DIR REAR END","RAINING","WET","DAYLIGHT","NONE DETECTED","No","SUSPECTED INJURY","MD","SUPERFICIAL","SIX OCLOCK","PASSENGER CAR",40
"HEAD ON LEFT TURN","SLEET","WET","DAYLIGHT","NONE DETECTED","No","NO APPARENT INJURY","MD","DISABLING","TWELVE OCLOCK","PASSENGER CAR",30
"ANGLE MEETS LEFT TURN","RAINING","WET","DAYLIGHT","NONE DETECTED","Yes","NO APPARENT INJURY","MD","SUPERFICIAL","FIVE OCLOCK","PASSENGER CAR",35
"SAME DIR REND RIGHT TURN","RAINING","WET","DARK LIGHTS ON","N/A","No","NO APPARENT INJURY","MD","DISABLING","SIX OCLOCK","PASSENGER CAR",40
"SAME DIR REAR END","RAINING","WET","DARK LIGHTS ON","NONE DETECTED","No","SUSPECTED INJURY","MD","SUPERFICIAL","SIX OCLOCK","PASSENGER CAR",55
"SAME DIR REAR END","RAINING","WET","DAYLIGHT","N/A","Yes","NO APPARENT INJURY","MD","FUNCTIONAL","TWELVE OCLOCK","PASSENGER CAR",45
"SINGLE VEHICLE","RAINING","WET","DAYLIGHT","NONE DETECTED","Yes","NO APPARENT INJURY","MD","DISABLING","ONE OCLOCK","PASSENGER CAR",30
"SAME DIR REAR END","RAINING","WET","DAYLIGHT","NONE DETECTED","Yes","NO APPARENT INJURY","MD","DISABLING","TWELVE OCLOCK","PASSENGER CAR",35
"SAME DIR REAR END","RAINING","WET","DARK LIGHTS ON","NONE DETECTED","Yes","NO APPARENT INJURY","MD","FUNCTIONAL","TWELVE OCLOCK","PASSENGER CAR",40
"STRAIGHT MOVEMENT ANGLE","RAINING","WET","DAYLIGHT","NONE DETECTED","No","NO APPARENT INJURY","MD","DISABLING","EIGHT OCLOCK","PASSENGER CAR",35
"OTHER","SNOW","SNOW","DAYLIGHT","N/A","No","NO APPARENT INJURY","MD","SUPERFICIAL","TWELVE OCLOCK","PASSENGER CAR",35
"SAME DIR REAR END","RAINING","WET","DAYLIGHT","N/A","No","NO APPARENT INJURY","MD","DISABLING","SIX OCLOCK","N/A",35
"STRAIGHT MOVEMENT ANGLE","RAINING","WET","DAYLIGHT","N/A","No","NO APPARENT INJURY","MD","DISABLING","TWELVE OCLOCK","PASSENGER CAR",30
"STRAIGHT MOVEMENT ANGLE","RAINING","WET","DAYLIGHT","NONE DETECTED","Yes","SUSPECTED INJURY","PA","DISABLING","ELEVEN OCLOCK","PASSENGER CAR",30
"SAME DIRECTION SIDESWIPE","RAINING","WET","DARK LIGHTS ON","NONE DETECTED","No","NO APPARENT INJURY","MD","FUNCTIONAL","ELEVEN OCLOCK","PASSENGER CAR",45
"HEAD ON LEFT TURN","RAINING","WET","DAYLIGHT","NONE DETECTED","No","NO APPARENT INJURY","MD","FUNCTIONAL","TWELVE OCLOCK","(SPORT) UTILITY VEHICLE",45
"STRAIGHT MOVEMENT ANGLE","SNOW","WET","DAYLIGHT","NONE DETECTED","Yes","NO APPARENT INJURY","NJ","FUNCTIONAL","TWELVE OCLOCK","PASSENGER CAR",40
"SAME DIR REAR END","RAINING","WET","DAYLIGHT","NONE DETECTED","No","SUSPECTED INJURY","MD","FUNCTIONAL","TWELVE OCLOCK","POLICE VEHICLE/NON EMERGENCY",40
"SAME DIR REAR END","RAINING","WET","DAYLIGHT","NONE DETECTED","No","NO APPARENT INJURY","MD","FUNCTIONAL","SIX OCLOCK","PICKUP TRUCK",40
"HEAD ON LEFT TURN","RAINING","WET","DARK LIGHTS ON","UNKNOWN","Yes","NO APPARENT INJURY","","SUPERFICIAL","TWO OCLOCK","PASSENGER CAR",50
"SAME DIR REAR END","RAINING","WET","DAYLIGHT","NONE DETECTED","Yes","NO APPARENT INJURY","MD","DISABLING","TWELVE OCLOCK","PASSENGER CAR",40
"SAME DIR REND RIGHT TURN","SNOW","SNOW","DAYLIGHT","UNKNOWN","Yes","NO APPARENT INJURY","","UNKNOWN","UNKNOWN","",20
"STRAIGHT MOVEMENT ANGLE","RAINING","WET","DARK LIGHTS ON","NONE DETECTED","No","NO APPARENT INJURY","MD","DISABLING","TWO OCLOCK","PASSENGER CAR",35
"SAME DIR REAR END","RAINING","WET","DARK LIGHTS ON","NONE DETECTED","No","NO APPARENT INJURY","MD","FUNCTIONAL","SIX OCLOCK","PASSENGER CAR",35
"SAME DIR REAR END","RAINING","WET","DARK NO LIGHTS","NONE DETECTED","Yes","NO APPARENT INJURY","MD","FUNCTIONAL","TWELVE OCLOCK","(SPORT) UTILITY VEHICLE",45
"SAME DIR REAR END","RAINING","WET","DARK LIGHTS ON","N/A","Yes","NO APPARENT INJURY","MD","DESTROYED","TWELVE OCLOCK","PASSENGER CAR",35
"STRAIGHT MOVEMENT ANGLE","RAINING","","DAYLIGHT","NONE DETECTED","Yes","NO APPARENT INJURY","MD","SUPERFICIAL","TWELVE OCLOCK","OTHER",15
"HEAD ON LEFT TURN","RAINING","WET","DAYLIGHT","NONE DETECTED","No","NO APPARENT INJURY","MD","FUNCTIONAL","ELEVEN OCLOCK","SCHOOL BUS",35
"SAME DIR REAR END","RAINING","WET","DAYLIGHT","NONE DETECTED","No","NO APPARENT INJURY","MD","FUNCTIONAL","SIX OCLOCK","PASSENGER CAR",45
"ANGLE MEETS RIGHT TURN","RAINING","WET","DAYLIGHT","UNKNOWN","Yes","NO APPARENT INJURY","NC","UNKNOWN","TWELVE OCLOCK","PASSENGER CAR",35
"SAME DIR REAR END","RAINING","WET","DAYLIGHT","NONE DETECTED","No","SUSPECTED INJURY","MD","DISABLING","SIX OCLOCK","PASSENGER CAR",35
"SINGLE VEHICLE","RAINING","","DAYLIGHT","NONE DETECTED","Yes","NO APPARENT INJURY","MD","SUPERFICIAL","THREE OCLOCK","SCHOOL BUS",0
"OPPOSITE DIRECTION SIDESWIPE","SNOW","SNOW","DAYLIGHT","NONE DETECTED","Yes","NO APPARENT INJURY","MD","FUNCTIONAL","SEVEN OCLOCK","PICKUP TRUCK",25
"SAME DIR REAR END","RAINING","WET","DARK LIGHTS ON","NONE DETECTED","Yes","NO APPARENT INJURY","MD","DESTROYED","TWELVE OCLOCK","PICKUP TRUCK",40
"SAME DIR REAR END","SNOW","SNOW","DAYLIGHT","NONE DETECTED","Yes","NO APPARENT INJURY","MD","NO DAMAGE","TWELVE OCLOCK","TRANSIT BUS",35
"SAME DIR REAR END","RAINING","WET","DARK LIGHTS ON","NONE DETECTED","Yes","NO APPARENT INJURY","FL","FUNCTIONAL","ELEVEN OCLOCK","PASSENGER CAR",40
"OPPOSITE DIRECTION SIDESWIPE","RAINING","WET","DAYLIGHT","NONE DETECTED","Yes","NO APPARENT INJURY","MD","FUNCTIONAL","THREE OCLOCK","PICKUP TRUCK",35
"OTHER","RAINING","","DARK LIGHTS ON","NONE DETECTED","No","NO APPARENT INJURY","MD","FUNCTIONAL","SEVEN OCLOCK","PASSENGER CAR",15
"SAME DIRECTION SIDESWIPE","RAINING","WET","DAYLIGHT","UNKNOWN","Yes","NO APPARENT INJURY","MD","FUNCTIONAL","ELEVEN OCLOCK","PASSENGER CAR",30
"OTHER","RAINING","WET","DAYLIGHT","NONE DETECTED","Yes","NO APPARENT INJURY","MD","DISABLING","ONE OCLOCK","PASSENGER CAR",30
"SAME DIR REAR END","RAINING","WET","DARK LIGHTS ON","NONE DETECTED","No","NO APPARENT INJURY","MD","SUPERFICIAL","SIX OCLOCK","PASSENGER CAR",55
"SAME DIR REAR END","RAINING","WET","DARK LIGHTS ON","NONE DETECTED","No","SUSPECTED INJURY","MD","FUNCTIONAL","SIX OCLOCK","(SPORT) UTILITY VEHICLE",35
"SAME DIR REAR END","RAINING","WET","DAYLIGHT","N/A","Yes","NO APPARENT INJURY","MD","DESTROYED","TWELVE OCLOCK","PASSENGER CAR",40
"STRAIGHT MOVEMENT ANGLE","RAINING","WET","DAYLIGHT","NONE DETECTED","No","NO APPARENT INJURY","MD","FUNCTIONAL","TWELVE OCLOCK","PASSENGER CAR",25
"SINGLE VEHICLE","RAINING","WET","DARK -- UNKNOWN LIGHTING","NONE DETECTED","Yes","NO APPARENT INJURY","MD","FUNCTIONAL","TEN OCLOCK","POLICE VEHICLE/NON EMERGENCY",25
"SINGLE VEHICLE","RAINING","WET","DAYLIGHT","NONE DETECTED","No","NO APPARENT INJURY","MD","NO DAMAGE","TWELVE OCLOCK","STATION WAGON",45
"SAME DIR REAR END","RAINING","WET","DARK LIGHTS ON","NONE DETECTED","No","NO APPARENT INJURY","DC","SUPERFICIAL","SIX OCLOCK","PASSENGER CAR",40
"STRAIGHT MOVEMENT ANGLE","RAINING","WET","DARK LIGHTS ON","NONE DETECTED","No","NO APPARENT INJURY","MD","DISABLING","TWELVE OCLOCK","PASSENGER CAR",25
"STRAIGHT MOVEMENT ANGLE","RAINING","WET","DAYLIGHT","NONE DETECTED","Yes","NO APPARENT INJURY","MD","DISABLING","ELEVEN OCLOCK","PASSENGER CAR",35
"SAME DIRECTION SIDESWIPE","RAINING","WET","DARK LIGHTS ON","NONE DETECTED","No","NO APPARENT INJURY","MD","SUPERFICIAL","TEN OCLOCK","TRANSIT BUS",30
"SAME DIR REND RIGHT TURN","RAINING","WET","DAWN","UNKNOWN","Yes","NO APPARENT INJURY","","UNKNOWN","UNKNOWN","",30
"SINGLE VEHICLE","RAINING","WET","DARK LIGHTS ON","NONE DETECTED","No","NO APPARENT INJURY","MD","DISABLING","ONE OCLOCK","PASSENGER CAR",45
"UNKNOWN","RAINING","","DARK LIGHTS ON","UNKNOWN","Yes","NO APPARENT INJURY","","UNKNOWN","UNKNOWN","",5
"SAME DIR REAR END","RAINING","WET","OTHER","NONE DETECTED","No","NO APPARENT INJURY","MD","SUPERFICIAL","SIX OCLOCK","MEDIUM/HEAVY TRUCKS 3 AXLES (OVER 10,000LBS (4,536KG))",55
"STRAIGHT MOVEMENT ANGLE","RAINING","WET","DAYLIGHT","NONE DETECTED","Yes","NO APPARENT INJURY","MD","DISABLING","TWELVE OCLOCK","(SPORT) UTILITY VEHICLE",25
"STRAIGHT MOVEMENT ANGLE","RAINING","WET","DAYLIGHT","NONE DETECTED","No","SUSPECTED INJURY","MD","DISABLING","ELEVEN OCLOCK","PASSENGER CAR",40
"STRAIGHT MOVEMENT ANGLE","RAINING","WET","DUSK","NONE DETECTED","No","NO APPARENT INJURY","MD","FUNCTIONAL","TWELVE OCLOCK","PASSENGER CAR",20
"SINGLE VEHICLE","RAINING","","DARK NO LIGHTS","ALCOHOL CONTRIBUTED","Yes","NO APPARENT INJURY","MD","DISABLING","ELEVEN OCLOCK","PASSENGER CAR",35
"SAME DIRECTION LEFT TURN","RAINING","WET","DAYLIGHT","NONE DETECTED","No","NO APPARENT INJURY","MD","DISABLING","ONE OCLOCK","OTHER LIGHT TRUCKS (10,000LBS (4,536KG) OR LESS)",35
"SINGLE VEHICLE","RAINING","WET","DARK LIGHTS ON","NONE DETECTED","Yes","SUSPECTED INJURY","MD","DESTROYED","TWELVE OCLOCK","PASSENGER CAR",35
"SAME DIR REAR END","RAINING","WET","DAYLIGHT","NONE DETECTED","No","NO APPARENT INJURY","MD","SUPERFICIAL","SIX OCLOCK","PICKUP TRUCK",35
"SAME DIR REAR END","RAINING","WET","DARK LIGHTS ON","NONE DETECTED","Yes","SUSPECTED INJURY","MD","DESTROYED","TWELVE OCLOCK","PICKUP TRUCK",40
"SAME DIR REAR END","RAINING","WET","DARK LIGHTS ON","UNKNOWN","Yes","NO APPARENT INJURY","","SUPERFICIAL","TWELVE OCLOCK","PICKUP TRUCK",25
"HEAD ON LEFT TURN","RAINING","WET","DAYLIGHT","NONE DETECTED","No","NO APPARENT INJURY","MD","DISABLING","TEN OCLOCK","PASSENGER CAR",35
"STRAIGHT MOVEMENT ANGLE","RAINING","WET","DARK LIGHTS ON","NONE DETECTED","Yes","NO APPARENT INJURY","MD","DISABLING","NINE OCLOCK","PASSENGER CAR",30
"STRAIGHT MOVEMENT ANGLE","RAINING","WET","DAYLIGHT","NONE DETECTED","No","NO APPARENT INJURY","MD","DISABLING","TWELVE OCLOCK","(SPORT) UTILITY VEHICLE",35
"SAME DIR REAR END","RAINING","WET","DAYLIGHT","UNKNOWN","No","NO APPARENT INJURY","","SUPERFICIAL","SIX OCLOCK","UNKNOWN",35
"SAME DIR REAR END","RAINING","WET","DAYLIGHT","ALCOHOL CONTRIBUTED","Yes","NO APPARENT INJURY","MD","DISABLING","TWELVE OCLOCK","PICKUP TRUCK",25
"SAME DIR REAR END","RAINING","WET","DARK LIGHTS ON","UNKNOWN","No","SUSPECTED INJURY","VA","DESTROYED","SIX OCLOCK","MOPED",30
"SAME DIR REAR END","RAINING","WET","DARK NO LIGHTS","NONE DETECTED","No","SUSPECTED INJURY","MD","FUNCTIONAL","SIX OCLOCK","(SPORT) UTILITY VEHICLE",40
"OTHER","RAINING","WET","DAYLIGHT","N/A","No","NO APPARENT INJURY","MD","FUNCTIONAL","TWELVE OCLOCK","PASSENGER CAR",35
"HEAD ON LEFT TURN","RAINING","WET","DARK LIGHTS ON","N/A","Yes","SUSPECTED INJURY","MD","DISABLING","THREE OCLOCK","N/A",40
"SAME DIR REAR END","RAINING","WET","DAYLIGHT","NONE DETECTED","Yes","NO APPARENT INJURY","MD","SUPERFICIAL","TWELVE OCLOCK","PASSENGER CAR",40
"SINGLE VEHICLE","RAINING","WET","DARK NO LIGHTS","N/A","Yes","NO APPARENT INJURY","MD","SUPERFICIAL","EIGHT OCLOCK","FIRE VEHICLE/EMERGENCY",15
"SINGLE VEHICLE","RAINING","WET","DARK NO LIGHTS","NONE DETECTED","Yes","SUSPECTED INJURY","MD","DISABLING","TWELVE OCLOCK","PASSENGER CAR",25
"SAME DIR REAR END","RAINING","WET","DAYLIGHT","NONE DETECTED","No","NO APPARENT INJURY","MD","FUNCTIONAL","SIX OCLOCK","VAN",55
"SAME DIR REAR END","RAINING","WET","DAYLIGHT","N/A","No","NO APPARENT INJURY","MD","SUPERFICIAL","SIX OCLOCK","PASSENGER CAR",15
"SAME DIR REAR END","RAINING","WET","DAYLIGHT","NONE DETECTED","Yes","NO APPARENT INJURY","MD","DISABLING","TWELVE OCLOCK","PASSENGER CAR",40
"OPPOSITE DIRECTION SIDESWIPE","RAINING","WET","DAYLIGHT","NONE DETECTED","No","NO APPARENT INJURY","MD","DISABLING","ELEVEN OCLOCK","PASSENGER CAR",30
"SAME DIR REAR END","RAINING","WET","DAYLIGHT","NONE DETECTED","No","NO APPARENT INJURY","MD","SUPERFICIAL","SIX OCLOCK","STATION WAGON",40
"SAME DIR REND LEFT TURN","RAINING","WET","DAYLIGHT","NONE DETECTED","No","NO APPARENT INJURY","MD","DISABLING","SIX OCLOCK","PASSENGER CAR",35
"SAME DIR REAR END","RAINING","WET","DAYLIGHT","NONE DETECTED","No","NO APPARENT INJURY","MD","DISABLING","SIX OCLOCK","TRANSIT BUS",35
"SAME DIRECTION SIDESWIPE","RAINING","WET","DAYLIGHT","NONE DETECTED","No","SUSPECTED INJURY","MD","FUNCTIONAL","ELEVEN OCLOCK","PASSENGER CAR",35
"STRAIGHT MOVEMENT ANGLE","RAINING","WET","DARK LIGHTS ON","N/A","Unknown","NO APPARENT INJURY","MD","DISABLING","ELEVEN OCLOCK","PASSENGER CAR",35
"SAME DIRECTION SIDESWIPE","RAINING","WET","DAYLIGHT","N/A","No","NO APPARENT INJURY","MD","SUPERFICIAL","TWELVE OCLOCK","VAN",35
"SAME DIR REAR END","RAINING","WET","DAWN","NONE DETECTED","Yes","NO APPARENT INJURY","MD","DESTROYED","TWELVE OCLOCK","PASSENGER CAR",40
"SINGLE VEHICLE","RAINING","WET","DARK LIGHTS ON","N/A","Yes","NO APPARENT INJURY","MD","SUPERFICIAL","TWELVE OCLOCK","PASSENGER CAR",35
"HEAD ON LEFT TURN","RAINING","WET","DARK LIGHTS ON","N/A","Yes","NO APPARENT INJURY","MD","FUNCTIONAL","TWO OCLOCK","PASSENGER CAR",40
"STRAIGHT MOVEMENT ANGLE","RAINING","WET","DAYLIGHT","NONE DETECTED","Yes","NO APPARENT INJURY","MD","FUNCTIONAL","TWELVE OCLOCK","PASSENGER CAR",30
"SAME DIRECTION LEFT TURN","RAINING","WET","DARK LIGHTS ON","N/A","Yes","NO APPARENT INJURY","MD","SUPERFICIAL","TWELVE OCLOCK","PASSENGER CAR",35
"SINGLE VEHICLE","RAINING","WATER(STANDING/MOVING)","DAYLIGHT","NONE DETECTED","Yes","SUSPECTED INJURY","MD","FUNCTIONAL","FIVE OCLOCK","POLICE VEHICLE/EMERGENCY",60
"SINGLE VEHICLE","SLEET","WET","DAYLIGHT","NONE DETECTED","Yes","NO APPARENT INJURY","MD","DISABLING","TWELVE OCLOCK","PASSENGER CAR",30
"SAME DIR REAR END","SLEET","ICE","DARK NO LIGHTS","NONE DETECTED","No","NO APPARENT INJURY","MD","NO DAMAGE","SIX OCLOCK","MEDIUM/HEAVY TRUCKS 3 AXLES (OVER 10,000LBS (4,536KG))",50
"OTHER","SLEET","","DAYLIGHT","NONE DETECTED","No","NO APPARENT INJURY","MD","FUNCTIONAL","FOUR OCLOCK","(SPORT) UTILITY VEHICLE",0
"SAME DIR REAR END","SLEET","WET","DAYLIGHT","N/A","Yes","NO APPARENT INJURY","VA","DISABLING","TWELVE OCLOCK","PASSENGER CAR",25
"OTHER","SLEET","WET","DARK LIGHTS ON","N/A","No","SUSPECTED INJURY","MD","DISABLING","TWELVE OCLOCK","MEDIUM/HEAVY TRUCKS 3 AXLES (OVER 10,000LBS (4,536KG))",40
"SAME DIR REAR END","SLEET","SLUSH","DARK NO LIGHTS","NONE DETECTED","No","NO APPARENT INJURY","MD","SUPERFICIAL","SIX OCLOCK","POLICE VEHICLE/EMERGENCY",30
"HEAD ON LEFT TURN","SLEET","WET","DARK LIGHTS ON","NONE DETECTED","Yes","NO APPARENT INJURY","MD","DESTROYED","TWELVE OCLOCK","PASSENGER CAR",45
"STRAIGHT MOVEMENT ANGLE","SLEET","ICE","DAYLIGHT","N/A","Yes","SUSPECTED INJURY","MD","DESTROYED","TWELVE OCLOCK","PASSENGER CAR",35
"OPPOSITE DIRECTION SIDESWIPE","SLEET","WET","DUSK","NONE DETECTED","No","NO APPARENT INJURY","CA","SUPERFICIAL","ELEVEN OCLOCK","PASSENGER CAR",35
"OTHER","SLEET","","DAYLIGHT","NONE DETECTED","Yes","NO APPARENT INJURY","MD","SUPERFICIAL","SIX OCLOCK","(SPORT) UTILITY VEHICLE",0
"STRAIGHT MOVEMENT ANGLE","SLEET","WET","DAYLIGHT","NONE DETECTED","No","NO APPARENT INJURY","MD","FUNCTIONAL","ELEVEN OCLOCK","PASSENGER CAR",30
"SAME DIR REAR END","SLEET","OTHER","DARK -- UNKNOWN LIGHTING","NONE DETECTED","No","NO APPARENT INJURY","MD","FUNCTIONAL","FIVE OCLOCK","PASSENGER CAR",40
"SAME DIR REAR END","SLEET","ICE","DAYLIGHT","NONE DETECTED","No","NO APPARENT INJURY","MD","SUPERFICIAL","SEVEN OCLOCK","PICKUP TRUCK",50
"SAME DIR REAR END","SLEET","ICE","DAYLIGHT","NONE DETECTED","Yes","NO APPARENT INJURY","MD","FUNCTIONAL","TWELVE OCLOCK","(SPORT) UTILITY VEHICLE",40
"SAME DIR REAR END","SLEET","WET","DARK LIGHTS ON","NONE DETECTED","No","SUSPECTED INJURY","MD","FUNCTIONAL","SIX OCLOCK","PASSENGER CAR",45
"HEAD ON LEFT TURN","SLEET","WET","DAYLIGHT","NONE DETECTED","No","NO APPARENT INJURY","MD","SUPERFICIAL","ELEVEN OCLOCK","CARGO VAN/LIGHT TRUCK 2 AXLES (OVER 10,000LBS (4,536 KG))",25
"OTHER","SLEET","","DAYLIGHT","NONE DETECTED","Yes","NO APPARENT INJURY","MD","FUNCTIONAL","SEVEN OCLOCK","VAN",0
"SAME DIR REND LEFT TURN","SLEET","WET","DAYLIGHT","N/A","No","SUSPECTED INJURY","MD","SUPERFICIAL","SIX OCLOCK","OTHER",35
"STRAIGHT MOVEMENT ANGLE","SLEET","WET","DAYLIGHT","NONE DETECTED","No","NO APPARENT INJURY","DC","FUNCTIONAL","NINE OCLOCK","VAN",30
"SINGLE VEHICLE","SLEET","ICE","DARK LIGHTS ON","NONE DETECTED","No","SUSPECTED INJURY","MD","DISABLING","TEN OCLOCK","(SPORT) UTILITY VEHICLE",35
"OTHER","SLEET","ICE","DARK LIGHTS ON","N/A","Yes","NO APPARENT INJURY","MD","DISABLING","TWELVE OCLOCK","PASSENGER CAR",50
"SAME DIR REAR END","SLEET","ICE","DARK LIGHTS ON","NONE DETECTED","Yes","NO APPARENT INJURY","MD","SUPERFICIAL","TWELVE OCLOCK","PASSENGER CAR",30
"SINGLE VEHICLE","SLEET","ICE","DAYLIGHT","N/A","Yes","NO APPARENT INJURY","MD","DISABLING","UNDERSIDE","POLICE VEHICLE/EMERGENCY",25
"SINGLE VEHICLE","SLEET","WET","DARK NO LIGHTS","N/A","Yes","SUSPECTED INJURY","MD","DISABLING","TWELVE OCLOCK","PASSENGER CAR",40
